attempt_id,student_id,quiz_id,attempt_date,start_time,end_time,status,score,passed
1,109,5,2026-01-11,2026-01-11 05:15:00,2026-01-11 05:50:00,completed,44,1
2,2,7,2026-02-27,2026-02-27 22:38:00,2026-02-27 23:22:00,completed,39,0
3,148,5,2026-02-28,2026-02-28 02:43:00,2026-02-28 04:13:00,completed,68,1
4,102,7,2026-01-15,2026-01-15 17:14:00,2026-01-15 17:47:00,completed,69,1
5,37,1,2026-01-22,2026-01-22 09:38:00,,dropped,36,0
6,148,8,2026-01-16,2026-01-16 14:44:00,2026-01-16 15:33:00,completed,86,1
7,257,9,2026-03-05,2026-03-05 14:05:00,2026-03-05 15:01:00,completed,90,1
8,129,1,2026-01-12,2026-01-12 07:43:00,,dropped,36,0
9,11,5,2026-03-15,2026-03-15 01:48:00,,dropped,30,0
10,266,8,2026-02-05,2026-02-05 05:37:00,2026-02-05 06:03:00,completed,97,1
11,241,6,2026-02-22,2026-02-22 10:20:00,2026-02-22 11:17:00,completed,55,1
12,211,8,2026-02-06,2026-02-06 21:25:00,,dropped,35,0
13,19,8,2026-01-12,2026-01-12 10:16:00,2026-01-12 11:36:00,completed,86,1
14,1,9,2026-03-01,2026-03-01 13:03:00,2026-03-01 14:21:00,completed,81,1
15,227,1,2026-01-27,2026-01-27 08:35:00,2026-01-27 09:46:00,completed,71,1
16,249,2,2026-01-04,2026-01-04 20:38:00,,dropped,45,0
17,82,5,2026-03-12,2026-03-12 00:35:00,2026-03-12 01:04:00,completed,63,1
18,237,2,2026-01-20,2026-01-20 15:59:00,,dropped,32,0
19,140,7,2026-03-03,2026-03-03 15:15:00,2026-03-03 16:19:00,completed,53,1
20,98,10,2026-03-07,2026-03-07 23:56:00,2026-03-08 00:46:00,completed,43,1
21,213,6,2026-03-06,2026-03-06 08:52:00,2026-03-06 10:22:00,completed,73,1
22,297,8,2026-01-20,2026-01-20 14:34:00,2026-01-20 15:59:00,completed,77,1
23,279,7,2026-02-28,2026-02-28 10:55:00,2026-02-28 12:23:00,completed,65,1
24,197,4,2026-02-22,2026-02-22 01:20:00,,dropped,45,0
25,196,7,2026-01-20,2026-01-20 15:02:00,2026-01-20 15:29:00,completed,77,1
26,226,2,2026-03-09,2026-03-09 14:00:00,,dropped,26,0
27,80,2,2026-03-02,2026-03-02 08:21:00,2026-03-02 08:46:00,completed,85,1
28,169,9,2026-02-18,2026-02-18 10:40:00,,dropped,48,0
29,250,9,2026-01-05,2026-01-05 19:04:00,2026-01-05 19:48:00,completed,71,1
30,47,7,2026-01-13,2026-01-13 20:45:00,,dropped,28,0
31,86,5,2026-01-04,2026-01-04 01:20:00,,dropped,18,0
32,184,6,2026-02-25,2026-02-25 04:15:00,2026-02-25 04:51:00,completed,58,1
33,90,2,2026-03-20,2026-03-20 12:39:00,2026-03-20 14:08:00,completed,98,1
34,74,4,2026-03-01,2026-03-01 20:16:00,2026-03-01 21:30:00,completed,36,0
35,148,9,2026-01-21,2026-01-21 02:28:00,,incomplete,38,0
36,218,5,2026-02-28,2026-02-28 09:12:00,,incomplete,61,0
37,55,4,2026-02-18,2026-02-18 18:22:00,2026-02-18 18:39:00,completed,72,1
38,203,5,2026-01-02,2026-01-02 18:55:00,2026-01-02 20:13:00,completed,41,1
39,147,4,2026-03-19,2026-03-19 11:14:00,2026-03-19 11:46:00,completed,67,1
40,50,1,2026-02-09,2026-02-09 14:02:00,2026-02-09 14:28:00,completed,51,1
41,152,6,2026-02-23,2026-02-23 05:12:00,2026-02-23 06:34:00,completed,81,1
42,257,5,2026-01-22,2026-01-22 08:58:00,,dropped,30,0
43,152,6,2026-01-15,2026-01-15 14:04:00,2026-01-15 15:09:00,completed,63,1
44,286,6,2026-01-12,2026-01-12 12:00:00,2026-01-12 13:13:00,completed,50,1
45,189,5,2026-03-16,2026-03-16 12:52:00,2026-03-16 13:20:00,completed,82,1
46,120,8,2026-01-04,2026-01-04 19:56:00,,incomplete,41,0
47,114,2,2026-03-01,2026-03-01 22:19:00,2026-03-01 22:51:00,completed,49,1
48,24,1,2026-02-08,2026-02-08 15:07:00,2026-02-08 16:11:00,completed,52,1
49,233,6,2026-03-11,2026-03-11 13:37:00,,dropped,9,0
50,213,2,2026-03-04,2026-03-04 19:26:00,,incomplete,35,0
51,17,6,2026-01-28,2026-01-28 14:28:00,,incomplete,46,0
52,51,6,2026-03-11,2026-03-11 20:22:00,2026-03-11 21:01:00,completed,70,1
53,63,8,2026-01-12,2026-01-12 21:13:00,2026-01-12 21:34:00,completed,37,0
54,171,4,2026-01-17,2026-01-17 18:13:00,2026-01-17 19:43:00,completed,61,1
55,111,4,2026-02-12,2026-02-12 04:50:00,,incomplete,0,0
56,142,3,2026-01-17,2026-01-17 17:16:00,,dropped,7,0
57,14,3,2026-01-02,2026-01-02 11:50:00,,dropped,37,0
58,166,1,2026-01-23,2026-01-23 08:03:00,2026-01-23 09:25:00,completed,88,1
59,59,2,2026-03-02,2026-03-02 14:49:00,2026-03-02 16:01:00,completed,48,1
60,258,4,2026-03-20,2026-03-20 01:46:00,,dropped,55,0
61,267,5,2026-02-28,2026-02-28 20:01:00,2026-02-28 21:07:00,completed,96,1
62,219,2,2026-03-04,2026-03-04 22:58:00,2026-03-04 23:54:00,completed,45,1
63,76,2,2026-01-17,2026-01-17 08:39:00,2026-01-17 09:42:00,completed,76,1
64,272,5,2026-02-28,2026-02-28 16:38:00,2026-02-28 18:03:00,completed,49,1
65,111,7,2026-02-27,2026-02-27 07:26:00,2026-02-27 08:32:00,completed,93,1
66,213,2,2026-02-10,2026-02-10 13:20:00,2026-02-10 13:54:00,completed,82,1
67,243,2,2026-01-12,2026-01-12 02:05:00,2026-01-12 02:36:00,completed,82,1
68,285,1,2026-03-17,2026-03-17 17:35:00,2026-03-17 18:42:00,completed,50,1
69,182,7,2026-01-07,2026-01-07 09:38:00,2026-01-07 11:06:00,completed,48,1
70,260,4,2026-01-20,2026-01-20 21:30:00,2026-01-20 22:29:00,completed,48,1
71,285,6,2026-01-15,2026-01-15 08:36:00,2026-01-15 10:02:00,completed,89,1
72,286,1,2026-03-19,2026-03-19 21:53:00,2026-03-19 22:31:00,completed,38,0
73,140,5,2026-02-13,2026-02-13 11:00:00,2026-02-13 12:27:00,completed,53,1
74,206,2,2026-01-19,2026-01-19 23:40:00,,incomplete,11,0
75,272,4,2026-02-18,2026-02-18 13:29:00,2026-02-18 14:23:00,completed,82,1
76,167,10,2026-03-18,2026-03-18 02:56:00,2026-03-18 03:17:00,completed,55,1
77,42,5,2026-02-26,2026-02-26 21:27:00,2026-02-26 22:35:00,completed,91,1
78,140,4,2026-03-07,2026-03-07 03:22:00,2026-03-07 04:52:00,completed,71,1
79,250,9,2026-02-09,2026-02-09 01:14:00,2026-02-09 01:29:00,completed,42,1
80,105,5,2026-01-28,2026-01-28 04:48:00,2026-01-28 05:18:00,completed,76,1
81,4,8,2026-02-25,2026-02-25 05:08:00,2026-02-25 06:27:00,completed,64,1
82,287,6,2026-01-10,2026-01-10 12:55:00,,dropped,27,0
83,10,8,2026-01-10,2026-01-10 10:36:00,2026-01-10 11:44:00,completed,86,1
84,149,2,2026-02-21,2026-02-21 00:20:00,2026-02-21 01:21:00,completed,93,1
85,46,7,2026-01-14,2026-01-14 07:27:00,2026-01-14 08:32:00,completed,45,1
86,159,6,2026-01-29,2026-01-29 10:49:00,2026-01-29 12:11:00,completed,49,1
87,262,4,2026-02-14,2026-02-14 11:46:00,,incomplete,18,0
88,121,2,2026-01-19,2026-01-19 08:12:00,2026-01-19 08:36:00,completed,54,1
89,91,8,2026-03-01,2026-03-01 18:48:00,2026-03-01 19:43:00,completed,76,1
90,78,8,2026-01-09,2026-01-09 15:28:00,2026-01-09 16:58:00,completed,70,1
91,29,6,2026-03-06,2026-03-06 02:19:00,2026-03-06 02:41:00,completed,39,0
92,189,5,2026-01-10,2026-01-10 20:55:00,,incomplete,11,0
93,260,7,2026-03-01,2026-03-01 18:35:00,,incomplete,5,0
94,231,10,2026-01-25,2026-01-25 10:38:00,2026-01-25 11:00:00,completed,54,1
95,231,2,2026-02-13,2026-02-13 22:05:00,2026-02-13 22:25:00,completed,57,1
96,127,8,2026-02-26,2026-02-26 16:33:00,2026-02-26 17:35:00,completed,81,1
97,145,7,2026-02-22,2026-02-22 10:43:00,2026-02-22 11:06:00,completed,77,1
98,169,2,2026-03-13,2026-03-13 21:24:00,2026-03-13 22:21:00,completed,54,1
99,42,10,2026-01-19,2026-01-19 11:19:00,,incomplete,50,0
100,67,10,2026-01-11,2026-01-11 09:35:00,2026-01-11 10:06:00,completed,77,1
101,270,2,2026-02-24,2026-02-24 16:23:00,2026-02-24 17:01:00,completed,74,1
102,110,6,2026-03-04,2026-03-04 06:14:00,,incomplete,19,0
103,40,5,2026-01-13,2026-01-13 16:49:00,2026-01-13 17:47:00,completed,39,0
104,68,10,2026-02-18,2026-02-18 04:10:00,2026-02-18 05:21:00,completed,56,1
105,23,7,2026-02-16,2026-02-16 21:46:00,2026-02-16 22:37:00,completed,91,1
106,230,4,2026-03-10,2026-03-10 07:19:00,,incomplete,60,0
107,100,6,2026-03-15,2026-03-15 14:29:00,,dropped,49,0
108,196,9,2026-03-09,2026-03-09 13:10:00,,dropped,51,0
109,71,5,2026-01-07,2026-01-07 20:30:00,,dropped,35,0
110,53,9,2026-01-16,2026-01-16 09:05:00,,dropped,17,0
111,231,9,2026-01-19,2026-01-19 13:05:00,,incomplete,28,0
112,231,6,2026-01-04,2026-01-04 13:03:00,2026-01-04 13:48:00,completed,82,1
113,198,2,2026-02-17,2026-02-17 07:01:00,2026-02-17 07:58:00,completed,47,1
114,75,3,2026-01-05,2026-01-05 09:58:00,,dropped,44,0
115,72,8,2026-02-27,2026-02-27 19:00:00,,incomplete,2,0
116,132,4,2026-01-20,2026-01-20 17:46:00,2026-01-20 18:15:00,completed,89,1
117,148,4,2026-02-08,2026-02-08 03:03:00,2026-02-08 03:26:00,completed,93,1
118,57,8,2026-03-18,2026-03-18 17:01:00,2026-03-18 17:34:00,completed,65,1
119,150,7,2026-01-01,2026-01-01 19:22:00,2026-01-01 20:00:00,completed,88,1
120,44,9,2026-02-16,2026-02-16 02:33:00,2026-02-16 03:37:00,completed,37,0
121,241,1,2026-02-19,2026-02-19 11:16:00,,dropped,22,0
122,35,6,2026-01-31,2026-01-31 23:42:00,2026-02-01 00:14:00,completed,77,1
123,23,6,2026-03-11,2026-03-11 10:52:00,2026-03-11 12:08:00,completed,94,1
124,94,3,2026-01-09,2026-01-09 22:49:00,,incomplete,4,0
125,151,4,2026-01-06,2026-01-06 06:56:00,2026-01-06 08:16:00,completed,74,1
126,204,9,2026-03-02,2026-03-02 08:02:00,,dropped,12,0
127,147,6,2026-01-07,2026-01-07 20:21:00,2026-01-07 21:31:00,completed,82,1
128,205,8,2026-02-19,2026-02-19 10:11:00,2026-02-19 11:13:00,completed,98,1
129,266,5,2026-01-11,2026-01-11 23:27:00,2026-01-12 00:51:00,completed,58,1
130,151,6,2026-01-14,2026-01-14 02:20:00,2026-01-14 03:32:00,completed,74,1
131,219,3,2026-02-26,2026-02-26 11:28:00,2026-02-26 12:38:00,completed,80,1
132,141,1,2026-01-10,2026-01-10 21:40:00,2026-01-10 21:58:00,completed,55,1
133,74,10,2026-02-26,2026-02-26 01:08:00,2026-02-26 02:09:00,completed,81,1
134,197,10,2026-01-05,2026-01-05 19:09:00,2026-01-05 20:11:00,completed,82,1
135,228,2,2026-03-15,2026-03-15 04:33:00,2026-03-15 05:23:00,completed,75,1
136,128,2,2026-01-04,2026-01-04 23:11:00,2026-01-05 00:37:00,completed,84,1
137,61,5,2026-02-03,2026-02-03 22:28:00,2026-02-03 23:45:00,completed,71,1
138,103,2,2026-01-18,2026-01-18 02:28:00,2026-01-18 02:54:00,completed,91,1
139,164,6,2026-01-09,2026-01-09 17:34:00,2026-01-09 18:09:00,completed,73,1
140,90,6,2026-03-07,2026-03-07 07:07:00,,incomplete,17,0
141,122,8,2026-01-04,2026-01-04 11:35:00,2026-01-04 13:00:00,completed,94,1
142,67,10,2026-01-12,2026-01-12 02:19:00,2026-01-12 03:41:00,completed,96,1
143,211,7,2026-03-15,2026-03-15 02:08:00,,incomplete,9,0
144,231,8,2026-03-08,2026-03-08 11:08:00,,dropped,49,0
145,283,10,2026-01-24,2026-01-24 04:27:00,2026-01-24 04:57:00,completed,42,1
146,266,3,2026-02-08,2026-02-08 05:10:00,2026-02-08 06:09:00,completed,63,1
147,266,5,2026-01-11,2026-01-11 08:12:00,2026-01-11 08:43:00,completed,70,1
148,156,10,2026-03-10,2026-03-10 02:32:00,2026-03-10 03:08:00,completed,54,1
149,173,10,2026-01-06,2026-01-06 00:05:00,2026-01-06 00:46:00,completed,68,1
150,293,7,2026-03-21,2026-03-21 20:01:00,2026-03-21 20:54:00,completed,72,1
151,248,4,2026-02-21,2026-02-21 09:29:00,2026-02-21 10:04:00,completed,42,1
152,226,7,2026-03-03,2026-03-03 14:13:00,2026-03-03 15:08:00,completed,53,1
153,164,6,2026-02-21,2026-02-21 04:48:00,2026-02-21 05:43:00,completed,48,1
154,124,8,2026-01-16,2026-01-16 08:28:00,2026-01-16 08:49:00,completed,47,1
155,149,7,2026-03-20,2026-03-20 13:15:00,,incomplete,20,0
156,168,10,2026-02-10,2026-02-10 06:48:00,2026-02-10 08:06:00,completed,94,1
157,158,8,2026-01-03,2026-01-03 02:25:00,2026-01-03 03:07:00,completed,65,1
158,299,6,2026-01-07,2026-01-07 01:18:00,2026-01-07 02:09:00,completed,95,1
159,275,1,2026-01-14,2026-01-14 13:08:00,,dropped,46,0
160,188,7,2026-02-16,2026-02-16 01:25:00,2026-02-16 02:26:00,completed,59,1
161,284,5,2026-01-10,2026-01-10 12:32:00,2026-01-10 13:02:00,completed,70,1
162,66,2,2026-02-20,2026-02-20 11:50:00,,incomplete,46,0
163,74,4,2026-03-19,2026-03-19 16:25:00,2026-03-19 16:44:00,completed,40,1
164,71,6,2026-03-02,2026-03-02 16:29:00,2026-03-02 17:25:00,completed,52,1
165,164,3,2026-02-20,2026-02-20 19:47:00,,dropped,37,0
166,173,9,2026-03-07,2026-03-07 17:31:00,,dropped,19,0
167,244,1,2026-02-17,2026-02-17 10:43:00,2026-02-17 12:12:00,completed,88,1
168,158,1,2026-03-18,2026-03-18 15:16:00,,incomplete,29,0
169,27,10,2026-03-03,2026-03-03 05:33:00,2026-03-03 06:06:00,completed,83,1
170,125,1,2026-03-15,2026-03-15 22:07:00,2026-03-15 23:02:00,completed,91,1
171,215,3,2026-02-22,2026-02-22 22:13:00,2026-02-22 22:35:00,completed,95,1
172,71,9,2026-01-27,2026-01-27 17:20:00,,incomplete,61,0
173,270,7,2026-02-10,2026-02-10 05:29:00,,incomplete,43,0
174,280,6,2026-02-03,2026-02-03 19:30:00,2026-02-03 20:20:00,completed,66,1
175,286,5,2026-01-29,2026-01-29 09:49:00,2026-01-29 11:06:00,completed,61,1
176,163,8,2026-02-14,2026-02-14 17:59:00,,incomplete,35,0
177,148,2,2026-03-15,2026-03-15 21:34:00,2026-03-15 22:33:00,completed,85,1
178,75,5,2026-01-06,2026-01-06 09:45:00,2026-01-06 10:32:00,completed,91,1
179,246,4,2026-01-26,2026-01-26 17:17:00,,incomplete,34,0
180,71,2,2026-03-20,2026-03-20 23:37:00,2026-03-21 00:59:00,completed,41,1
181,116,4,2026-01-07,2026-01-07 03:26:00,2026-01-07 03:53:00,completed,95,1
182,71,1,2026-03-12,2026-03-12 05:26:00,2026-03-12 06:42:00,completed,95,1
183,103,5,2026-02-11,2026-02-11 09:41:00,2026-02-11 11:09:00,completed,46,1
184,119,9,2026-01-05,2026-01-05 05:26:00,,dropped,11,0
185,19,7,2026-03-05,2026-03-05 05:59:00,,dropped,55,0
186,149,1,2026-01-02,2026-01-02 09:36:00,2026-01-02 10:27:00,completed,77,1
187,233,9,2026-03-09,2026-03-09 15:56:00,,incomplete,64,0
188,240,5,2026-01-25,2026-01-25 03:21:00,2026-01-25 04:08:00,completed,93,1
189,96,1,2026-02-13,2026-02-13 09:36:00,2026-02-13 10:13:00,completed,59,1
190,208,7,2026-03-07,2026-03-07 10:05:00,2026-03-07 10:43:00,completed,47,1
191,72,8,2026-02-11,2026-02-11 07:00:00,2026-02-11 08:12:00,completed,65,1
192,137,6,2026-02-08,2026-02-08 18:46:00,2026-02-08 19:47:00,completed,68,1
193,121,1,2026-01-16,2026-01-16 14:19:00,2026-01-16 14:49:00,completed,74,1
194,152,6,2026-03-20,2026-03-20 07:14:00,,incomplete,61,0
195,79,8,2026-03-19,2026-03-19 11:26:00,,dropped,30,0
196,276,4,2026-02-01,2026-02-01 21:48:00,2026-02-01 23:10:00,completed,45,1
197,229,9,2026-02-16,2026-02-16 02:58:00,2026-02-16 04:23:00,completed,42,1
198,259,4,2026-03-15,2026-03-15 17:09:00,2026-03-15 17:38:00,completed,91,1
199,106,10,2026-03-04,2026-03-04 02:57:00,2026-03-04 04:10:00,completed,42,1
200,68,9,2026-02-23,2026-02-23 14:36:00,2026-02-23 15:30:00,completed,94,1
201,12,7,2026-02-02,2026-02-02 00:47:00,2026-02-02 01:07:00,completed,44,1
202,217,6,2026-01-09,2026-01-09 17:03:00,,incomplete,8,0
203,242,1,2026-02-06,2026-02-06 13:11:00,,dropped,49,0
204,216,6,2026-02-18,2026-02-18 14:55:00,,incomplete,48,0
205,193,2,2026-03-11,2026-03-11 04:41:00,,dropped,7,0
206,92,9,2026-02-20,2026-02-20 16:08:00,,dropped,14,0
207,2,1,2026-02-08,2026-02-08 14:43:00,,dropped,27,0
208,273,7,2026-01-30,2026-01-30 07:29:00,2026-01-30 08:08:00,completed,70,1
209,58,1,2026-02-23,2026-02-23 19:49:00,,incomplete,2,0
210,124,4,2026-01-09,2026-01-09 03:38:00,2026-01-09 04:24:00,completed,41,1
211,23,7,2026-02-26,2026-02-26 07:34:00,2026-02-26 08:06:00,completed,42,1
212,258,5,2026-01-30,2026-01-30 23:36:00,2026-01-31 00:21:00,completed,76,1
213,155,3,2026-03-08,2026-03-08 07:26:00,2026-03-08 08:52:00,completed,42,1
214,90,7,2026-03-13,2026-03-13 15:03:00,,incomplete,48,0
215,269,6,2026-02-23,2026-02-23 13:09:00,2026-02-23 14:32:00,completed,58,1
216,243,4,2026-01-29,2026-01-29 09:54:00,,dropped,51,0
217,238,1,2026-03-13,2026-03-13 13:26:00,2026-03-13 14:30:00,completed,52,1
218,125,5,2026-01-27,2026-01-27 10:41:00,2026-01-27 11:43:00,completed,92,1
219,48,9,2026-01-25,2026-01-25 01:17:00,2026-01-25 01:41:00,completed,40,1
220,97,10,2026-03-13,2026-03-13 06:30:00,2026-03-13 07:23:00,completed,77,1
221,8,4,2026-01-25,2026-01-25 23:07:00,,dropped,48,0
222,246,4,2026-03-19,2026-03-19 22:13:00,2026-03-19 23:38:00,completed,65,1
223,165,5,2026-02-18,2026-02-18 14:34:00,2026-02-18 15:22:00,completed,74,1
224,185,9,2026-03-05,2026-03-05 14:06:00,,dropped,46,0
225,241,6,2026-01-27,2026-01-27 11:20:00,2026-01-27 11:53:00,completed,63,1
226,9,5,2026-03-12,2026-03-12 18:37:00,,dropped,18,0
227,79,4,2026-02-12,2026-02-12 07:24:00,2026-02-12 08:42:00,completed,66,1
228,282,6,2026-02-02,2026-02-02 15:46:00,2026-02-02 16:59:00,completed,97,1
229,87,6,2026-01-22,2026-01-22 04:46:00,2026-01-22 06:10:00,completed,58,1
230,31,9,2026-01-05,2026-01-05 02:52:00,2026-01-05 03:59:00,completed,35,0
231,71,4,2026-01-09,2026-01-09 22:09:00,2026-01-09 23:11:00,completed,93,1
232,31,10,2026-03-20,2026-03-20 15:42:00,2026-03-20 17:05:00,completed,35,0
233,283,7,2026-01-02,2026-01-02 00:33:00,,dropped,34,0
234,147,1,2026-03-06,2026-03-06 22:43:00,2026-03-06 23:11:00,completed,57,1
235,50,9,2026-01-20,2026-01-20 07:12:00,2026-01-20 08:12:00,completed,67,1
236,137,7,2026-01-11,2026-01-11 11:25:00,2026-01-11 12:08:00,completed,66,1
237,154,2,2026-01-05,2026-01-05 02:25:00,2026-01-05 02:47:00,completed,95,1
238,5,3,2026-01-11,2026-01-11 15:54:00,2026-01-11 17:21:00,completed,77,1
239,49,9,2026-01-06,2026-01-06 07:13:00,,incomplete,60,0
240,139,1,2026-01-10,2026-01-10 21:59:00,2026-01-10 22:36:00,completed,39,0
241,162,1,2026-01-27,2026-01-27 18:09:00,,dropped,45,0
242,204,2,2026-02-08,2026-02-08 05:36:00,2026-02-08 07:00:00,completed,84,1
243,170,7,2026-01-18,2026-01-18 22:46:00,2026-01-18 23:07:00,completed,79,1
244,51,7,2026-01-30,2026-01-30 02:21:00,2026-01-30 03:17:00,completed,85,1
245,16,5,2026-02-27,2026-02-27 15:14:00,2026-02-27 16:24:00,completed,83,1
246,96,10,2026-02-18,2026-02-18 02:49:00,2026-02-18 03:13:00,completed,66,1
247,43,5,2026-01-20,2026-01-20 12:45:00,,dropped,9,0
248,200,6,2026-02-16,2026-02-16 03:05:00,2026-02-16 04:16:00,completed,74,1
249,185,5,2026-01-14,2026-01-14 04:05:00,2026-01-14 05:31:00,completed,92,1
250,285,9,2026-02-22,2026-02-22 03:01:00,2026-02-22 03:57:00,completed,46,1
251,198,1,2026-02-07,2026-02-07 13:24:00,,dropped,46,0
252,287,4,2026-03-15,2026-03-15 16:10:00,2026-03-15 16:42:00,completed,56,1
253,138,5,2026-02-04,2026-02-04 15:09:00,2026-02-04 15:59:00,completed,90,1
254,216,5,2026-03-03,2026-03-03 02:23:00,2026-03-03 03:41:00,completed,66,1
255,101,8,2026-01-14,2026-01-14 04:19:00,2026-01-14 05:16:00,completed,85,1
256,195,6,2026-02-26,2026-02-26 10:27:00,,dropped,55,0
257,70,5,2026-02-11,2026-02-11 19:44:00,2026-02-11 20:21:00,completed,75,1
258,204,6,2026-02-07,2026-02-07 23:44:00,2026-02-08 00:40:00,completed,66,1
259,193,5,2026-02-20,2026-02-20 11:07:00,,incomplete,25,0
260,280,3,2026-03-12,2026-03-12 00:46:00,2026-03-12 01:57:00,completed,61,1
261,150,2,2026-02-22,2026-02-22 21:31:00,2026-02-22 22:16:00,completed,73,1
262,130,3,2026-02-24,2026-02-24 12:04:00,2026-02-24 13:33:00,completed,96,1
263,206,9,2026-03-06,2026-03-06 22:26:00,2026-03-06 23:49:00,completed,81,1
264,44,2,2026-02-01,2026-02-01 21:42:00,2026-02-01 23:09:00,completed,40,1
265,205,6,2026-02-25,2026-02-25 03:00:00,2026-02-25 04:20:00,completed,63,1
266,266,9,2026-03-16,2026-03-16 22:36:00,2026-03-16 23:41:00,completed,82,1
267,238,10,2026-03-06,2026-03-06 04:22:00,,incomplete,61,0
268,54,5,2026-02-23,2026-02-23 02:07:00,,dropped,46,0
269,73,6,2026-02-09,2026-02-09 10:29:00,,dropped,33,0
270,248,6,2026-03-02,2026-03-02 03:28:00,,dropped,28,0
271,164,2,2026-02-08,2026-02-08 01:51:00,,dropped,1,0
272,176,2,2026-01-22,2026-01-22 23:15:00,2026-01-23 00:12:00,completed,55,1
273,287,7,2026-03-01,2026-03-01 07:51:00,2026-03-01 08:29:00,completed,58,1
274,222,7,2026-01-04,2026-01-04 23:39:00,,dropped,28,0
275,220,7,2026-01-01,2026-01-01 22:13:00,2026-01-01 23:41:00,completed,43,1
276,53,9,2026-01-24,2026-01-24 11:20:00,2026-01-24 12:08:00,completed,49,1
277,251,9,2026-02-10,2026-02-10 19:24:00,2026-02-10 20:23:00,completed,49,1
278,181,8,2026-03-21,2026-03-21 05:52:00,2026-03-21 07:22:00,completed,73,1
279,44,3,2026-02-10,2026-02-10 03:15:00,2026-02-10 04:17:00,completed,58,1
280,73,9,2026-02-19,2026-02-19 13:38:00,2026-02-19 14:47:00,completed,84,1
281,96,8,2026-03-10,2026-03-10 22:58:00,2026-03-11 00:24:00,completed,57,1
282,86,8,2026-02-06,2026-02-06 04:11:00,2026-02-06 04:32:00,completed,92,1
283,184,1,2026-03-04,2026-03-04 04:12:00,,dropped,35,0
284,259,8,2026-02-22,2026-02-22 21:31:00,2026-02-22 22:48:00,completed,91,1
285,86,2,2026-03-14,2026-03-14 00:50:00,,dropped,18,0
286,17,5,2026-01-29,2026-01-29 17:18:00,2026-01-29 18:45:00,completed,93,1
287,254,9,2026-03-07,2026-03-07 03:36:00,2026-03-07 05:00:00,completed,81,1
288,22,8,2026-03-11,2026-03-11 06:27:00,2026-03-11 07:20:00,completed,66,1
289,17,8,2026-02-03,2026-02-03 11:55:00,,dropped,28,0
290,61,4,2026-01-27,2026-01-27 23:37:00,2026-01-28 00:13:00,completed,89,1
291,72,4,2026-01-27,2026-01-27 01:36:00,2026-01-27 02:59:00,completed,70,1
292,87,6,2026-02-07,2026-02-07 09:36:00,2026-02-07 10:08:00,completed,47,1
293,211,1,2026-02-05,2026-02-05 20:08:00,,dropped,8,0
294,128,3,2026-02-11,2026-02-11 07:48:00,,dropped,25,0
295,251,3,2026-03-15,2026-03-15 20:17:00,2026-03-15 21:29:00,completed,83,1
296,39,2,2026-02-21,2026-02-21 16:47:00,2026-02-21 18:00:00,completed,82,1
297,250,6,2026-03-16,2026-03-16 00:55:00,,dropped,46,0
298,48,8,2026-02-15,2026-02-15 02:50:00,2026-02-15 03:59:00,completed,62,1
299,109,8,2026-02-04,2026-02-04 10:53:00,2026-02-04 12:20:00,completed,51,1
300,249,6,2026-01-07,2026-01-07 01:06:00,2026-01-07 01:23:00,completed,93,1
301,64,3,2026-02-26,2026-02-26 14:00:00,,incomplete,54,0
302,104,3,2026-02-08,2026-02-08 05:55:00,,incomplete,35,0
303,48,6,2026-02-02,2026-02-02 02:23:00,2026-02-02 02:44:00,completed,56,1
304,203,5,2026-01-30,2026-01-30 13:41:00,2026-01-30 13:56:00,completed,47,1
305,110,8,2026-01-10,2026-01-10 04:37:00,2026-01-10 04:53:00,completed,91,1
306,5,6,2026-01-16,2026-01-16 13:44:00,2026-01-16 14:28:00,completed,44,1
307,197,2,2026-01-14,2026-01-14 03:20:00,2026-01-14 03:52:00,completed,73,1
308,196,3,2026-01-19,2026-01-19 02:33:00,2026-01-19 03:44:00,completed,56,1
309,180,4,2026-03-22,2026-03-22 23:09:00,,incomplete,56,0
310,112,2,2026-01-13,2026-01-13 04:48:00,2026-01-13 05:47:00,completed,84,1
311,220,6,2026-01-18,2026-01-18 07:17:00,2026-01-18 08:42:00,completed,66,1
312,146,1,2026-02-08,2026-02-08 06:33:00,2026-02-08 07:38:00,completed,59,1
313,152,1,2026-01-31,2026-01-31 15:24:00,2026-01-31 15:48:00,completed,98,1
314,271,1,2026-02-16,2026-02-16 10:08:00,2026-02-16 11:09:00,completed,88,1
315,280,3,2026-03-02,2026-03-02 02:01:00,2026-03-02 02:49:00,completed,36,0
316,111,1,2026-01-08,2026-01-08 12:32:00,2026-01-08 13:41:00,completed,88,1
317,206,2,2026-03-10,2026-03-10 17:39:00,2026-03-10 18:33:00,completed,45,1
318,41,9,2026-01-27,2026-01-27 04:34:00,2026-01-27 05:28:00,completed,43,1
319,224,4,2026-01-08,2026-01-08 07:05:00,,incomplete,14,0
320,233,10,2026-03-19,2026-03-19 01:19:00,2026-03-19 01:49:00,completed,57,1
321,7,3,2026-01-02,2026-01-02 05:31:00,,incomplete,33,0
322,86,6,2026-01-17,2026-01-17 23:49:00,,dropped,46,0
323,61,1,2026-02-12,2026-02-12 13:17:00,2026-02-12 14:45:00,completed,68,1
324,40,8,2026-02-28,2026-02-28 16:23:00,2026-02-28 17:25:00,completed,56,1
325,81,5,2026-01-14,2026-01-14 18:43:00,,dropped,14,0
326,261,1,2026-01-06,2026-01-06 00:15:00,2026-01-06 01:19:00,completed,81,1
327,77,3,2026-01-05,2026-01-05 17:51:00,,incomplete,53,0
328,115,6,2026-02-01,2026-02-01 13:58:00,,dropped,17,0
329,40,10,2026-02-17,2026-02-17 03:32:00,2026-02-17 04:09:00,completed,41,1
330,115,9,2026-01-06,2026-01-06 12:04:00,,dropped,55,0
331,145,5,2026-02-11,2026-02-11 02:35:00,2026-02-11 03:15:00,completed,82,1
332,150,10,2026-02-08,2026-02-08 23:39:00,2026-02-09 01:09:00,completed,82,1
333,253,4,2026-03-11,2026-03-11 07:09:00,2026-03-11 07:27:00,completed,87,1
334,120,9,2026-02-14,2026-02-14 20:53:00,2026-02-14 21:50:00,completed,36,0
335,1,7,2026-02-09,2026-02-09 03:13:00,2026-02-09 04:21:00,completed,65,1
336,252,1,2026-01-19,2026-01-19 22:17:00,2026-01-19 23:38:00,completed,64,1
337,212,6,2026-02-28,2026-02-28 23:05:00,2026-03-01 00:10:00,completed,52,1
338,39,10,2026-03-14,2026-03-14 01:27:00,2026-03-14 02:12:00,completed,51,1
339,150,5,2026-02-10,2026-02-10 12:44:00,,dropped,20,0
340,163,8,2026-02-04,2026-02-04 07:04:00,,incomplete,17,0
341,300,2,2026-01-20,2026-01-20 03:10:00,2026-01-20 04:17:00,completed,75,1
342,62,9,2026-02-15,2026-02-15 06:28:00,2026-02-15 06:58:00,completed,68,1
343,47,3,2026-02-08,2026-02-08 22:44:00,2026-02-08 23:40:00,completed,62,1
344,76,2,2026-02-01,2026-02-01 11:25:00,2026-02-01 12:13:00,completed,73,1
345,90,1,2026-02-21,2026-02-21 14:35:00,,dropped,15,0
346,49,8,2026-01-14,2026-01-14 04:07:00,2026-01-14 04:38:00,completed,63,1
347,102,7,2026-02-17,2026-02-17 21:40:00,,incomplete,10,0
348,299,10,2026-02-03,2026-02-03 02:01:00,,incomplete,25,0
349,228,3,2026-01-12,2026-01-12 10:07:00,2026-01-12 10:28:00,completed,94,1
350,87,10,2026-02-25,2026-02-25 23:25:00,2026-02-26 00:34:00,completed,83,1
351,89,6,2026-01-28,2026-01-28 05:17:00,2026-01-28 05:36:00,completed,54,1
352,126,5,2026-03-05,2026-03-05 13:56:00,2026-03-05 14:22:00,completed,42,1
353,144,7,2026-01-18,2026-01-18 13:12:00,2026-01-18 14:36:00,completed,66,1
354,10,7,2026-02-15,2026-02-15 15:34:00,,dropped,22,0
355,290,9,2026-02-11,2026-02-11 12:17:00,2026-02-11 13:00:00,completed,75,1
356,16,5,2026-01-08,2026-01-08 15:33:00,2026-01-08 16:08:00,completed,64,1
357,52,4,2026-01-31,2026-01-31 08:34:00,,dropped,47,0
358,29,4,2026-03-15,2026-03-15 12:22:00,,incomplete,22,0
359,91,4,2026-03-17,2026-03-17 10:51:00,,dropped,22,0
360,15,6,2026-03-14,2026-03-14 18:09:00,2026-03-14 19:27:00,completed,59,1
361,278,5,2026-01-23,2026-01-23 15:02:00,2026-01-23 15:45:00,completed,64,1
362,11,9,2026-03-03,2026-03-03 00:21:00,,incomplete,25,0
363,67,6,2026-01-23,2026-01-23 10:03:00,2026-01-23 10:32:00,completed,53,1
364,270,6,2026-01-10,2026-01-10 11:45:00,,incomplete,50,0
365,52,6,2026-02-08,2026-02-08 10:08:00,,incomplete,55,0
366,250,6,2026-01-23,2026-01-23 22:35:00,2026-01-23 23:18:00,completed,80,1
367,90,7,2026-02-09,2026-02-09 23:44:00,2026-02-09 23:59:00,completed,57,1
368,294,7,2026-03-14,2026-03-14 01:11:00,2026-03-14 02:38:00,completed,63,1
369,54,8,2026-01-19,2026-01-19 10:47:00,2026-01-19 11:42:00,completed,79,1
370,86,2,2026-02-12,2026-02-12 14:00:00,2026-02-12 14:23:00,completed,66,1
371,180,5,2026-01-14,2026-01-14 23:00:00,2026-01-15 00:08:00,completed,91,1
372,86,7,2026-03-05,2026-03-05 12:22:00,2026-03-05 13:38:00,completed,47,1
373,296,4,2026-01-21,2026-01-21 14:04:00,,dropped,2,0
374,151,1,2026-02-10,2026-02-10 08:06:00,2026-02-10 09:09:00,completed,56,1
375,83,2,2026-03-12,2026-03-12 02:21:00,2026-03-12 02:39:00,completed,96,1
376,221,3,2026-03-19,2026-03-19 13:10:00,2026-03-19 13:51:00,completed,77,1
377,98,7,2026-03-12,2026-03-12 23:59:00,,dropped,16,0
378,145,5,2026-01-31,2026-01-31 03:03:00,2026-01-31 03:37:00,completed,97,1
379,28,6,2026-01-01,2026-01-01 13:05:00,2026-01-01 13:45:00,completed,96,1
380,50,1,2026-01-27,2026-01-27 05:40:00,2026-01-27 06:55:00,completed,45,1
381,60,5,2026-02-20,2026-02-20 15:31:00,,dropped,16,0
382,47,9,2026-02-19,2026-02-19 05:23:00,,dropped,23,0
383,96,8,2026-01-06,2026-01-06 08:28:00,2026-01-06 09:17:00,completed,63,1
384,289,1,2026-01-20,2026-01-20 22:42:00,2026-01-21 00:06:00,completed,79,1
385,212,10,2026-01-30,2026-01-30 17:03:00,,dropped,52,0
386,268,7,2026-03-10,2026-03-10 21:55:00,,incomplete,30,0
387,244,5,2026-01-11,2026-01-11 12:57:00,,dropped,2,0
388,258,10,2026-03-08,2026-03-08 18:43:00,,incomplete,18,0
389,62,8,2026-01-23,2026-01-23 05:13:00,,dropped,8,0
390,22,7,2026-01-11,2026-01-11 21:27:00,2026-01-11 22:15:00,completed,53,1
391,164,2,2026-01-12,2026-01-12 12:35:00,2026-01-12 13:25:00,completed,76,1
392,267,8,2026-01-02,2026-01-02 22:39:00,2026-01-02 23:08:00,completed,88,1
393,213,3,2026-01-19,2026-01-19 18:37:00,2026-01-19 19:05:00,completed,47,1
394,289,2,2026-02-06,2026-02-06 17:56:00,2026-02-06 18:44:00,completed,87,1
395,197,8,2026-03-15,2026-03-15 19:30:00,2026-03-15 20:36:00,completed,70,1
396,74,10,2026-03-19,2026-03-19 21:44:00,2026-03-19 22:41:00,completed,85,1
397,122,1,2026-03-02,2026-03-02 08:57:00,2026-03-02 09:50:00,completed,78,1
398,160,5,2026-03-04,2026-03-04 22:43:00,2026-03-04 23:15:00,completed,64,1
399,154,8,2026-02-11,2026-02-11 08:46:00,2026-02-11 09:25:00,completed,46,1
400,227,4,2026-02-22,2026-02-22 23:31:00,,dropped,55,0
401,192,1,2026-03-07,2026-03-07 05:04:00,2026-03-07 05:36:00,completed,86,1
402,269,10,2026-01-04,2026-01-04 05:12:00,,dropped,12,0
403,30,4,2026-01-05,2026-01-05 14:03:00,,incomplete,25,0
404,141,6,2026-03-01,2026-03-01 16:25:00,2026-03-01 16:43:00,completed,50,1
405,124,6,2026-03-04,2026-03-04 19:28:00,2026-03-04 20:58:00,completed,95,1
406,283,6,2026-02-14,2026-02-14 05:53:00,,dropped,47,0
407,47,5,2026-01-04,2026-01-04 12:03:00,2026-01-04 12:46:00,completed,62,1
408,116,4,2026-02-04,2026-02-04 20:26:00,2026-02-04 21:41:00,completed,36,0
409,68,3,2026-03-18,2026-03-18 00:14:00,2026-03-18 01:04:00,completed,74,1
410,217,7,2026-02-14,2026-02-14 14:16:00,2026-02-14 15:37:00,completed,73,1
411,204,10,2026-01-14,2026-01-14 00:32:00,,incomplete,47,0
412,288,10,2026-03-19,2026-03-19 09:19:00,2026-03-19 09:42:00,completed,96,1
413,173,5,2026-02-11,2026-02-11 08:16:00,2026-02-11 08:55:00,completed,73,1
414,77,9,2026-01-31,2026-01-31 01:51:00,,dropped,51,0
415,207,6,2026-01-18,2026-01-18 23:01:00,2026-01-18 23:49:00,completed,72,1
416,215,7,2026-02-19,2026-02-19 23:02:00,2026-02-20 00:00:00,completed,59,1
417,114,9,2026-03-02,2026-03-02 21:22:00,2026-03-02 22:48:00,completed,56,1
418,93,5,2026-01-13,2026-01-13 15:08:00,,dropped,46,0
419,287,3,2026-02-12,2026-02-12 20:05:00,2026-02-12 20:59:00,completed,63,1
420,216,6,2026-02-17,2026-02-17 08:37:00,2026-02-17 09:52:00,completed,50,1
421,28,10,2026-03-16,2026-03-16 19:04:00,2026-03-16 20:23:00,completed,59,1
422,62,7,2026-03-09,2026-03-09 09:26:00,2026-03-09 09:58:00,completed,54,1
423,103,6,2026-02-22,2026-02-22 18:57:00,,incomplete,58,0
424,74,6,2026-01-24,2026-01-24 02:31:00,2026-01-24 03:26:00,completed,57,1
425,30,1,2026-02-27,2026-02-27 08:13:00,,dropped,10,0
426,296,3,2026-03-04,2026-03-04 02:08:00,2026-03-04 03:14:00,completed,89,1
427,220,8,2026-02-19,2026-02-19 00:02:00,2026-02-19 00:18:00,completed,82,1
428,165,9,2026-01-25,2026-01-25 00:43:00,2026-01-25 01:26:00,completed,66,1
429,177,5,2026-01-17,2026-01-17 03:24:00,2026-01-17 04:00:00,completed,74,1
430,34,1,2026-02-08,2026-02-08 09:29:00,,dropped,38,0
431,269,6,2026-02-25,2026-02-25 21:08:00,2026-02-25 22:08:00,completed,97,1
432,97,3,2026-02-21,2026-02-21 00:14:00,2026-02-21 00:56:00,completed,51,1
433,12,10,2026-03-06,2026-03-06 05:07:00,2026-03-06 06:10:00,completed,39,0
434,131,9,2026-03-21,2026-03-21 01:38:00,,incomplete,13,0
435,11,1,2026-01-15,2026-01-15 13:28:00,2026-01-15 14:43:00,completed,67,1
436,79,4,2026-03-22,2026-03-22 00:19:00,2026-03-22 01:40:00,completed,47,1
437,139,10,2026-03-19,2026-03-19 22:08:00,2026-03-19 23:28:00,completed,48,1
438,61,5,2026-01-15,2026-01-15 03:31:00,2026-01-15 04:19:00,completed,60,1
439,268,4,2026-02-15,2026-02-15 22:26:00,2026-02-15 23:51:00,completed,40,1
440,255,4,2026-03-03,2026-03-03 10:15:00,2026-03-03 10:44:00,completed,46,1
441,294,8,2026-01-20,2026-01-20 02:49:00,2026-01-20 03:36:00,completed,47,1
442,119,8,2026-02-07,2026-02-07 08:29:00,2026-02-07 08:49:00,completed,57,1
443,149,6,2026-02-10,2026-02-10 13:47:00,2026-02-10 14:03:00,completed,40,1
444,71,3,2026-02-12,2026-02-12 11:57:00,2026-02-12 12:23:00,completed,69,1
445,191,6,2026-01-24,2026-01-24 03:25:00,2026-01-24 04:14:00,completed,93,1
446,198,8,2026-02-23,2026-02-23 20:56:00,,dropped,7,0
447,68,1,2026-01-21,2026-01-21 03:26:00,,incomplete,61,0
448,292,8,2026-01-24,2026-01-24 19:24:00,,dropped,39,0
449,15,3,2026-03-03,2026-03-03 15:07:00,,dropped,28,0
450,24,2,2026-02-03,2026-02-03 20:20:00,2026-02-03 21:18:00,completed,63,1
451,266,9,2026-03-21,2026-03-21 03:27:00,2026-03-21 04:43:00,completed,66,1
452,178,7,2026-01-20,2026-01-20 17:57:00,,incomplete,6,0
453,6,3,2026-03-06,2026-03-06 15:54:00,2026-03-06 16:18:00,completed,56,1
454,252,6,2026-01-31,2026-01-31 10:17:00,2026-01-31 11:42:00,completed,63,1
455,194,7,2026-01-31,2026-01-31 02:29:00,2026-01-31 02:55:00,completed,92,1
456,256,8,2026-02-10,2026-02-10 03:31:00,,dropped,1,0
457,53,7,2026-02-22,2026-02-22 01:35:00,2026-02-22 02:28:00,completed,46,1
458,261,9,2026-01-27,2026-01-27 20:42:00,2026-01-27 21:43:00,completed,78,1
459,28,4,2026-02-28,2026-02-28 10:35:00,,dropped,38,0
460,243,6,2026-02-27,2026-02-27 03:06:00,,dropped,14,0
461,2,6,2026-02-15,2026-02-15 20:51:00,2026-02-15 21:19:00,completed,82,1
462,24,3,2026-03-05,2026-03-05 04:52:00,,dropped,46,0
463,210,2,2026-02-02,2026-02-02 19:12:00,2026-02-02 19:54:00,completed,85,1
464,235,4,2026-02-13,2026-02-13 03:48:00,2026-02-13 05:00:00,completed,50,1
465,235,10,2026-03-06,2026-03-06 04:31:00,2026-03-06 05:56:00,completed,41,1
466,222,10,2026-03-03,2026-03-03 16:49:00,,incomplete,22,0
467,297,3,2026-01-17,2026-01-17 03:24:00,2026-01-17 04:43:00,completed,76,1
468,197,7,2026-03-19,2026-03-19 22:48:00,2026-03-19 23:46:00,completed,85,1
469,151,8,2026-01-18,2026-01-18 04:26:00,2026-01-18 05:51:00,completed,73,1
470,161,9,2026-03-22,2026-03-22 06:12:00,2026-03-22 07:11:00,completed,72,1
471,68,3,2026-03-06,2026-03-06 17:44:00,2026-03-06 18:44:00,completed,49,1
472,288,8,2026-03-16,2026-03-16 18:42:00,,dropped,43,0
473,274,5,2026-02-24,2026-02-24 00:33:00,2026-02-24 01:06:00,completed,83,1
474,28,1,2026-01-26,2026-01-26 08:48:00,,dropped,18,0
475,129,3,2026-01-08,2026-01-08 22:50:00,2026-01-08 23:50:00,completed,39,0
476,232,2,2026-03-20,2026-03-20 21:47:00,2026-03-20 23:13:00,completed,63,1
477,200,4,2026-03-07,2026-03-07 22:18:00,2026-03-07 23:21:00,completed,41,1
478,199,7,2026-02-10,2026-02-10 17:03:00,2026-02-10 17:43:00,completed,67,1
479,227,4,2026-02-17,2026-02-17 18:34:00,,dropped,12,0
480,100,5,2026-02-27,2026-02-27 05:43:00,2026-02-27 07:03:00,completed,57,1
481,62,7,2026-01-06,2026-01-06 13:17:00,2026-01-06 13:52:00,completed,51,1
482,300,5,2026-01-01,2026-01-01 10:29:00,,dropped,9,0
483,21,3,2026-02-11,2026-02-11 19:03:00,,dropped,40,0
484,155,8,2026-03-15,2026-03-15 17:22:00,2026-03-15 18:44:00,completed,75,1
485,113,3,2026-03-08,2026-03-08 02:50:00,2026-03-08 04:14:00,completed,88,1
486,275,7,2026-01-12,2026-01-12 11:14:00,,dropped,42,0
487,170,6,2026-02-16,2026-02-16 09:13:00,,incomplete,60,0
488,288,1,2026-01-15,2026-01-15 21:22:00,2026-01-15 21:42:00,completed,66,1
489,165,7,2026-01-15,2026-01-15 12:16:00,2026-01-15 12:34:00,completed,71,1
490,265,6,2026-03-07,2026-03-07 16:28:00,2026-03-07 17:07:00,completed,72,1
491,165,9,2026-01-11,2026-01-11 03:10:00,,incomplete,0,0
492,34,4,2026-03-22,2026-03-22 06:55:00,2026-03-22 07:36:00,completed,48,1
493,276,7,2026-01-10,2026-01-10 23:43:00,2026-01-11 00:40:00,completed,93,1
494,20,2,2026-01-10,2026-01-10 01:11:00,,dropped,35,0
495,37,10,2026-01-30,2026-01-30 08:26:00,2026-01-30 09:36:00,completed,86,1
496,162,1,2026-02-19,2026-02-19 21:07:00,2026-02-19 22:36:00,completed,43,1
497,24,2,2026-02-15,2026-02-15 16:06:00,2026-02-15 16:32:00,completed,73,1
498,145,8,2026-02-18,2026-02-18 12:52:00,2026-02-18 13:27:00,completed,95,1
499,274,4,2026-01-18,2026-01-18 23:25:00,,dropped,54,0
500,280,5,2026-01-19,2026-01-19 09:43:00,,dropped,50,0
501,192,1,2026-03-12,2026-03-12 17:09:00,2026-03-12 18:37:00,completed,35,0
502,202,9,2026-03-12,2026-03-12 02:19:00,2026-03-12 03:01:00,completed,79,1
503,212,9,2026-01-19,2026-01-19 05:11:00,2026-01-19 05:50:00,completed,67,1
504,59,3,2026-03-14,2026-03-14 01:54:00,,dropped,35,0
505,237,9,2026-01-10,2026-01-10 09:42:00,2026-01-10 10:22:00,completed,47,1
506,298,8,2026-02-12,2026-02-12 11:08:00,2026-02-12 11:35:00,completed,65,1
507,146,10,2026-01-09,2026-01-09 06:20:00,2026-01-09 07:14:00,completed,77,1
508,300,3,2026-03-14,2026-03-14 18:23:00,,dropped,27,0
509,87,1,2026-02-10,2026-02-10 07:50:00,2026-02-10 08:40:00,completed,90,1
510,185,3,2026-02-12,2026-02-12 15:29:00,2026-02-12 16:46:00,completed,74,1
511,283,2,2026-01-23,2026-01-23 20:38:00,2026-01-23 21:10:00,completed,70,1
512,276,4,2026-02-03,2026-02-03 23:56:00,2026-02-04 00:13:00,completed,44,1
513,260,1,2026-03-16,2026-03-16 18:25:00,,dropped,13,0
514,19,9,2026-02-03,2026-02-03 17:57:00,,incomplete,60,0
515,77,6,2026-02-20,2026-02-20 07:57:00,,dropped,46,0
516,149,3,2026-03-01,2026-03-01 16:32:00,2026-03-01 17:51:00,completed,81,1
517,6,4,2026-03-20,2026-03-20 21:10:00,,dropped,8,0
518,229,3,2026-01-23,2026-01-23 18:36:00,2026-01-23 19:52:00,completed,53,1
519,184,1,2026-01-29,2026-01-29 15:14:00,2026-01-29 15:58:00,completed,82,1
520,22,4,2026-03-08,2026-03-08 11:24:00,2026-03-08 11:44:00,completed,93,1
521,21,6,2026-01-14,2026-01-14 22:33:00,2026-01-14 23:21:00,completed,70,1
522,297,9,2026-03-14,2026-03-14 05:24:00,2026-03-14 06:54:00,completed,81,1
523,40,9,2026-02-02,2026-02-02 12:58:00,2026-02-02 13:58:00,completed,86,1
524,177,8,2026-03-03,2026-03-03 19:00:00,2026-03-03 20:11:00,completed,52,1
525,85,4,2026-01-10,2026-01-10 16:41:00,2026-01-10 17:19:00,completed,54,1
526,81,6,2026-03-19,2026-03-19 22:52:00,2026-03-20 00:00:00,completed,64,1
527,170,2,2026-03-03,2026-03-03 21:30:00,2026-03-03 22:37:00,completed,55,1
528,12,4,2026-01-06,2026-01-06 04:36:00,2026-01-06 05:56:00,completed,52,1
529,21,10,2026-01-19,2026-01-19 01:10:00,2026-01-19 02:31:00,completed,58,1
530,208,10,2026-03-14,2026-03-14 20:01:00,,dropped,46,0
531,146,2,2026-01-28,2026-01-28 14:38:00,,incomplete,61,0
532,88,4,2026-02-22,2026-02-22 19:09:00,,dropped,52,0
533,94,10,2026-03-07,2026-03-07 08:10:00,,dropped,21,0
534,233,10,2026-03-17,2026-03-17 02:14:00,2026-03-17 02:42:00,completed,51,1
535,9,4,2026-03-08,2026-03-08 16:43:00,2026-03-08 17:10:00,completed,54,1
536,91,8,2026-03-20,2026-03-20 19:02:00,,dropped,34,0
537,258,2,2026-01-12,2026-01-12 15:42:00,2026-01-12 16:52:00,completed,35,0
538,268,7,2026-02-17,2026-02-17 01:44:00,2026-02-17 03:00:00,completed,64,1
539,196,6,2026-03-17,2026-03-17 23:58:00,,dropped,44,0
540,295,2,2026-02-24,2026-02-24 04:16:00,2026-02-24 04:41:00,completed,64,1
541,146,10,2026-03-11,2026-03-11 13:16:00,2026-03-11 14:44:00,completed,35,0
542,268,2,2026-03-08,2026-03-08 00:24:00,2026-03-08 01:31:00,completed,75,1
543,186,2,2026-01-20,2026-01-20 13:41:00,2026-01-20 15:04:00,completed,68,1
544,217,10,2026-02-16,2026-02-16 19:17:00,,incomplete,50,0
545,105,7,2026-03-12,2026-03-12 17:30:00,2026-03-12 18:17:00,completed,96,1
546,158,10,2026-02-14,2026-02-14 22:25:00,,dropped,54,0
547,61,4,2026-02-27,2026-02-27 22:10:00,2026-02-27 23:08:00,completed,86,1
548,282,10,2026-01-07,2026-01-07 05:24:00,,incomplete,0,0
549,47,3,2026-03-02,2026-03-02 19:27:00,2026-03-02 20:10:00,completed,68,1
550,190,2,2026-03-19,2026-03-19 01:46:00,2026-03-19 03:07:00,completed,86,1
551,147,10,2026-01-08,2026-01-08 05:40:00,2026-01-08 06:20:00,completed,36,0
552,266,5,2026-01-25,2026-01-25 01:50:00,2026-01-25 02:26:00,completed,64,1
553,19,6,2026-01-31,2026-01-31 20:00:00,,incomplete,11,0
554,142,7,2026-02-15,2026-02-15 21:25:00,2026-02-15 22:46:00,completed,60,1
555,8,2,2026-01-12,2026-01-12 17:18:00,,dropped,35,0
556,299,6,2026-02-14,2026-02-14 08:14:00,2026-02-14 09:27:00,completed,59,1
557,207,10,2026-01-01,2026-01-01 08:11:00,2026-01-01 09:37:00,completed,48,1
558,38,9,2026-02-07,2026-02-07 10:07:00,,dropped,16,0
559,276,10,2026-02-02,2026-02-02 22:28:00,,incomplete,61,0
560,125,6,2026-02-28,2026-02-28 21:29:00,,dropped,55,0
561,15,8,2026-01-15,2026-01-15 08:04:00,2026-01-15 08:48:00,completed,63,1
562,162,7,2026-02-15,2026-02-15 16:34:00,2026-02-15 17:20:00,completed,68,1
563,148,2,2026-02-21,2026-02-21 21:47:00,,dropped,4,0
564,284,3,2026-03-02,2026-03-02 10:22:00,2026-03-02 11:00:00,completed,69,1
565,98,8,2026-01-26,2026-01-26 07:47:00,2026-01-26 08:28:00,completed,68,1
566,118,4,2026-02-01,2026-02-01 19:22:00,2026-02-01 19:52:00,completed,48,1
567,41,8,2026-03-20,2026-03-20 00:48:00,,dropped,2,0
568,247,6,2026-03-21,2026-03-21 10:31:00,,dropped,36,0
569,141,8,2026-01-24,2026-01-24 16:17:00,2026-01-24 16:38:00,completed,51,1
570,270,7,2026-03-03,2026-03-03 17:02:00,2026-03-03 17:39:00,completed,85,1
571,235,2,2026-03-08,2026-03-08 14:20:00,2026-03-08 15:01:00,completed,36,0
572,195,10,2026-01-13,2026-01-13 10:23:00,2026-01-13 11:01:00,completed,68,1
573,281,5,2026-01-31,2026-01-31 08:30:00,,incomplete,43,0
574,188,3,2026-03-05,2026-03-05 13:13:00,2026-03-05 14:14:00,completed,82,1
575,206,5,2026-02-27,2026-02-27 05:36:00,2026-02-27 06:03:00,completed,64,1
576,139,4,2026-03-13,2026-03-13 13:54:00,2026-03-13 14:28:00,completed,53,1
577,243,1,2026-01-23,2026-01-23 13:31:00,2026-01-23 14:48:00,completed,75,1
578,154,5,2026-03-13,2026-03-13 18:03:00,2026-03-13 18:25:00,completed,55,1
579,111,5,2026-03-02,2026-03-02 20:06:00,2026-03-02 20:54:00,completed,77,1
580,185,6,2026-03-13,2026-03-13 17:59:00,,dropped,22,0
581,11,7,2026-01-16,2026-01-16 11:55:00,2026-01-16 13:23:00,completed,60,1
582,295,9,2026-01-23,2026-01-23 09:22:00,2026-01-23 10:34:00,completed,97,1
583,41,7,2026-03-20,2026-03-20 09:29:00,2026-03-20 10:05:00,completed,53,1
584,173,7,2026-03-22,2026-03-22 19:36:00,2026-03-22 20:01:00,completed,44,1
585,83,6,2026-01-30,2026-01-30 10:20:00,2026-01-30 11:25:00,completed,69,1
586,139,8,2026-02-16,2026-02-16 23:37:00,2026-02-17 00:44:00,completed,92,1
587,86,3,2026-01-03,2026-01-03 04:46:00,2026-01-03 05:11:00,completed,67,1
588,108,3,2026-02-20,2026-02-20 03:06:00,2026-02-20 04:31:00,completed,95,1
589,28,1,2026-02-20,2026-02-20 16:48:00,,incomplete,13,0
590,135,10,2026-01-20,2026-01-20 02:41:00,,incomplete,49,0
591,159,4,2026-02-01,2026-02-01 23:18:00,2026-02-01 23:49:00,completed,51,1
592,270,3,2026-01-04,2026-01-04 01:42:00,2026-01-04 02:57:00,completed,76,1
593,240,9,2026-02-04,2026-02-04 17:28:00,2026-02-04 18:58:00,completed,57,1
594,234,10,2026-02-25,2026-02-25 16:40:00,2026-02-25 17:39:00,completed,74,1
595,247,9,2026-01-30,2026-01-30 02:28:00,2026-01-30 03:16:00,completed,87,1
596,80,5,2026-01-02,2026-01-02 00:33:00,,dropped,54,0
597,70,6,2026-02-06,2026-02-06 15:34:00,2026-02-06 16:50:00,completed,97,1
598,154,1,2026-02-25,2026-02-25 09:38:00,2026-02-25 11:03:00,completed,35,0
599,192,4,2026-02-22,2026-02-22 17:27:00,2026-02-22 18:31:00,completed,55,1
600,194,4,2026-02-03,2026-02-03 02:27:00,2026-02-03 03:18:00,completed,69,1
601,273,5,2026-02-22,2026-02-22 06:54:00,2026-02-22 07:46:00,completed,52,1
602,57,8,2026-03-21,2026-03-21 14:17:00,,dropped,31,0
603,97,6,2026-01-03,2026-01-03 04:03:00,,incomplete,2,0
604,96,2,2026-02-06,2026-02-06 08:08:00,,dropped,46,0
605,5,4,2026-01-12,2026-01-12 04:00:00,2026-01-12 05:08:00,completed,78,1
606,160,8,2026-02-17,2026-02-17 14:44:00,,dropped,21,0
607,42,3,2026-01-08,2026-01-08 08:49:00,2026-01-08 09:27:00,completed,95,1
608,99,5,2026-02-18,2026-02-18 00:07:00,,incomplete,31,0
609,198,8,2026-02-01,2026-02-01 23:02:00,2026-02-02 00:23:00,completed,47,1
610,107,8,2026-02-19,2026-02-19 21:19:00,,incomplete,20,0
611,22,9,2026-03-08,2026-03-08 03:16:00,2026-03-08 03:56:00,completed,73,1
612,185,1,2026-01-28,2026-01-28 03:15:00,2026-01-28 03:31:00,completed,76,1
613,86,5,2026-03-16,2026-03-16 03:25:00,,dropped,0,0
614,22,10,2026-03-02,2026-03-02 22:38:00,2026-03-02 23:24:00,completed,46,1
615,81,8,2026-01-12,2026-01-12 21:39:00,2026-01-12 22:01:00,completed,42,1
616,183,3,2026-03-10,2026-03-10 03:08:00,2026-03-10 04:34:00,completed,75,1
617,178,8,2026-01-25,2026-01-25 00:44:00,2026-01-25 01:31:00,completed,52,1
618,21,8,2026-02-26,2026-02-26 17:18:00,2026-02-26 17:57:00,completed,97,1
619,291,3,2026-03-11,2026-03-11 11:20:00,,dropped,17,0
620,284,3,2026-01-09,2026-01-09 16:09:00,2026-01-09 17:33:00,completed,68,1
621,188,8,2026-01-01,2026-01-01 20:32:00,2026-01-01 20:49:00,completed,58,1
622,187,10,2026-01-31,2026-01-31 10:46:00,2026-01-31 11:25:00,completed,84,1
623,269,8,2026-03-12,2026-03-12 04:39:00,2026-03-12 05:35:00,completed,87,1
624,57,2,2026-03-08,2026-03-08 21:04:00,2026-03-08 21:41:00,completed,51,1
625,17,4,2026-01-14,2026-01-14 15:12:00,2026-01-14 16:29:00,completed,84,1
626,270,10,2026-03-17,2026-03-17 08:03:00,2026-03-17 08:19:00,completed,44,1
627,107,8,2026-01-11,2026-01-11 14:51:00,2026-01-11 16:17:00,completed,81,1
628,213,6,2026-01-08,2026-01-08 19:17:00,2026-01-08 20:10:00,completed,44,1
629,40,4,2026-03-08,2026-03-08 03:06:00,,dropped,34,0
630,198,4,2026-01-25,2026-01-25 16:42:00,2026-01-25 18:08:00,completed,57,1
631,286,7,2026-01-14,2026-01-14 20:36:00,2026-01-14 21:45:00,completed,93,1
632,54,3,2026-01-24,2026-01-24 17:25:00,2026-01-24 18:48:00,completed,55,1
633,227,6,2026-02-10,2026-02-10 17:20:00,,dropped,26,0
634,221,6,2026-03-19,2026-03-19 07:36:00,2026-03-19 09:01:00,completed,83,1
635,131,6,2026-02-27,2026-02-27 14:25:00,2026-02-27 15:16:00,completed,39,0
636,9,9,2026-01-18,2026-01-18 09:00:00,2026-01-18 09:42:00,completed,63,1
637,162,1,2026-02-05,2026-02-05 17:32:00,2026-02-05 17:59:00,completed,54,1
638,20,8,2026-02-15,2026-02-15 04:08:00,2026-02-15 04:52:00,completed,66,1
639,132,5,2026-01-12,2026-01-12 18:25:00,2026-01-12 18:49:00,completed,62,1
640,167,8,2026-01-23,2026-01-23 15:52:00,,dropped,44,0
641,296,2,2026-03-18,2026-03-18 20:19:00,2026-03-18 20:44:00,completed,83,1
642,29,6,2026-02-14,2026-02-14 13:26:00,,incomplete,15,0
643,117,10,2026-01-02,2026-01-02 20:49:00,2026-01-02 21:43:00,completed,41,1
644,269,1,2026-02-10,2026-02-10 17:36:00,2026-02-10 18:10:00,completed,63,1
645,26,7,2026-02-27,2026-02-27 19:36:00,2026-02-27 20:46:00,completed,63,1
646,149,7,2026-01-19,2026-01-19 04:21:00,2026-01-19 05:46:00,completed,41,1
647,205,5,2026-01-11,2026-01-11 12:32:00,2026-01-11 13:04:00,completed,51,1
648,247,9,2026-01-26,2026-01-26 15:25:00,2026-01-26 16:51:00,completed,60,1
649,269,4,2026-02-01,2026-02-01 02:17:00,,dropped,20,0
650,295,2,2026-01-15,2026-01-15 21:26:00,2026-01-15 22:05:00,completed,79,1
651,165,6,2026-03-18,2026-03-18 20:01:00,,dropped,10,0
652,180,10,2026-02-26,2026-02-26 19:09:00,2026-02-26 19:49:00,completed,64,1
653,192,3,2026-01-11,2026-01-11 03:47:00,2026-01-11 04:38:00,completed,53,1
654,8,6,2026-01-15,2026-01-15 09:28:00,2026-01-15 10:09:00,completed,77,1
655,276,4,2026-01-27,2026-01-27 17:33:00,,dropped,35,0
656,248,10,2026-01-19,2026-01-19 22:44:00,2026-01-20 00:13:00,completed,83,1
657,270,1,2026-02-02,2026-02-02 05:03:00,2026-02-02 05:24:00,completed,69,1
658,239,1,2026-01-09,2026-01-09 12:42:00,2026-01-09 13:10:00,completed,81,1
659,10,5,2026-02-19,2026-02-19 07:24:00,2026-02-19 08:19:00,completed,47,1
660,249,10,2026-03-10,2026-03-10 02:11:00,2026-03-10 03:37:00,completed,93,1
661,12,1,2026-02-01,2026-02-01 16:19:00,2026-02-01 16:54:00,completed,85,1
662,10,6,2026-02-15,2026-02-15 11:40:00,2026-02-15 12:02:00,completed,70,1
663,132,7,2026-01-04,2026-01-04 17:17:00,2026-01-04 18:22:00,completed,78,1
664,71,2,2026-02-18,2026-02-18 16:43:00,2026-02-18 17:51:00,completed,64,1
665,124,10,2026-01-20,2026-01-20 13:19:00,,incomplete,42,0
666,230,9,2026-01-17,2026-01-17 06:41:00,2026-01-17 07:13:00,completed,60,1
667,159,9,2026-01-18,2026-01-18 13:58:00,,incomplete,18,0
668,290,3,2026-02-10,2026-02-10 02:35:00,2026-02-10 03:13:00,completed,50,1
669,163,3,2026-01-04,2026-01-04 10:56:00,,incomplete,52,0
670,156,8,2026-02-05,2026-02-05 04:49:00,2026-02-05 05:27:00,completed,51,1
671,14,10,2026-03-20,2026-03-20 08:38:00,2026-03-20 09:22:00,completed,64,1
672,119,1,2026-02-15,2026-02-15 02:44:00,,dropped,8,0
673,258,10,2026-03-02,2026-03-02 22:41:00,2026-03-02 23:58:00,completed,84,1
674,243,3,2026-01-21,2026-01-21 06:14:00,2026-01-21 07:03:00,completed,36,0
675,212,4,2026-01-26,2026-01-26 06:04:00,2026-01-26 07:21:00,completed,91,1
676,167,8,2026-02-01,2026-02-01 13:25:00,,dropped,38,0
677,195,6,2026-02-20,2026-02-20 19:47:00,2026-02-20 21:08:00,completed,39,0
678,56,8,2026-02-28,2026-02-28 01:56:00,,incomplete,50,0
679,21,9,2026-02-19,2026-02-19 16:48:00,2026-02-19 17:27:00,completed,41,1
680,150,8,2026-02-20,2026-02-20 09:49:00,,dropped,29,0
681,86,7,2026-02-07,2026-02-07 19:58:00,2026-02-07 21:12:00,completed,53,1
682,232,2,2026-03-06,2026-03-06 03:11:00,,dropped,44,0
683,280,3,2026-02-20,2026-02-20 13:20:00,2026-02-20 14:33:00,completed,57,1
684,104,8,2026-01-12,2026-01-12 08:20:00,2026-01-12 08:50:00,completed,55,1
685,47,2,2026-02-27,2026-02-27 20:23:00,2026-02-27 21:43:00,completed,84,1
686,82,7,2026-03-12,2026-03-12 12:02:00,,dropped,21,0
687,290,3,2026-01-21,2026-01-21 04:11:00,,dropped,3,0
688,215,5,2026-02-09,2026-02-09 23:49:00,,incomplete,36,0
689,93,2,2026-01-17,2026-01-17 06:00:00,2026-01-17 06:16:00,completed,67,1
690,235,8,2026-03-05,2026-03-05 17:51:00,2026-03-05 18:36:00,completed,98,1
691,112,10,2026-03-02,2026-03-02 14:26:00,2026-03-02 15:12:00,completed,35,0
692,281,5,2026-03-21,2026-03-21 20:35:00,,dropped,13,0
693,26,3,2026-01-19,2026-01-19 01:41:00,2026-01-19 02:00:00,completed,53,1
694,296,10,2026-02-08,2026-02-08 10:58:00,2026-02-08 12:06:00,completed,48,1
695,92,3,2026-02-06,2026-02-06 19:42:00,2026-02-06 20:55:00,completed,57,1
696,297,6,2026-01-05,2026-01-05 02:49:00,2026-01-05 03:52:00,completed,82,1
697,35,7,2026-03-12,2026-03-12 02:18:00,2026-03-12 03:08:00,completed,50,1
698,169,9,2026-02-22,2026-02-22 16:13:00,2026-02-22 16:41:00,completed,42,1
699,293,9,2026-01-12,2026-01-12 15:46:00,2026-01-12 16:55:00,completed,71,1
700,163,5,2026-03-09,2026-03-09 18:39:00,2026-03-09 20:06:00,completed,51,1
701,255,9,2026-03-22,2026-03-22 15:31:00,,dropped,39,0
702,120,5,2026-01-25,2026-01-25 00:07:00,2026-01-25 00:48:00,completed,50,1
703,213,7,2026-01-06,2026-01-06 10:22:00,2026-01-06 10:38:00,completed,62,1
704,104,5,2026-02-02,2026-02-02 02:19:00,2026-02-02 02:34:00,completed,76,1
705,59,6,2026-02-13,2026-02-13 12:46:00,2026-02-13 13:23:00,completed,38,0
706,100,6,2026-02-13,2026-02-13 21:30:00,,incomplete,4,0
707,70,8,2026-01-20,2026-01-20 20:29:00,,dropped,34,0
708,172,8,2026-02-22,2026-02-22 23:03:00,,dropped,19,0
709,290,6,2026-03-13,2026-03-13 17:01:00,2026-03-13 18:01:00,completed,77,1
710,34,3,2026-02-05,2026-02-05 00:21:00,,incomplete,21,0
711,293,10,2026-02-19,2026-02-19 05:38:00,2026-02-19 06:33:00,completed,74,1
712,17,5,2026-02-22,2026-02-22 02:31:00,,dropped,23,0
713,232,5,2026-01-28,2026-01-28 16:19:00,2026-01-28 16:38:00,completed,82,1
714,104,2,2026-02-26,2026-02-26 16:01:00,,dropped,32,0
715,79,4,2026-02-13,2026-02-13 15:46:00,,dropped,19,0
716,168,3,2026-01-13,2026-01-13 16:43:00,,incomplete,26,0
717,19,8,2026-02-19,2026-02-19 22:55:00,2026-02-19 23:49:00,completed,35,0
718,23,10,2026-01-12,2026-01-12 10:29:00,,dropped,6,0
719,267,5,2026-01-03,2026-01-03 18:48:00,2026-01-03 19:44:00,completed,61,1
720,103,4,2026-02-06,2026-02-06 08:34:00,2026-02-06 09:04:00,completed,91,1
721,140,3,2026-01-21,2026-01-21 08:07:00,2026-01-21 08:48:00,completed,48,1
722,278,6,2026-03-12,2026-03-12 10:17:00,2026-03-12 11:45:00,completed,71,1
723,126,3,2026-01-10,2026-01-10 09:39:00,,dropped,34,0
724,228,1,2026-01-17,2026-01-17 00:30:00,,incomplete,6,0
725,55,7,2026-01-07,2026-01-07 02:27:00,2026-01-07 03:27:00,completed,92,1
726,160,6,2026-01-26,2026-01-26 22:48:00,2026-01-27 00:02:00,completed,45,1
727,291,3,2026-01-12,2026-01-12 22:29:00,2026-01-12 23:43:00,completed,74,1
728,241,4,2026-01-29,2026-01-29 04:55:00,,dropped,16,0
729,187,7,2026-01-24,2026-01-24 22:58:00,2026-01-25 00:11:00,completed,76,1
730,250,1,2026-01-09,2026-01-09 15:07:00,2026-01-09 15:43:00,completed,94,1
731,145,6,2026-03-19,2026-03-19 18:08:00,2026-03-19 18:36:00,completed,86,1
732,167,9,2026-01-10,2026-01-10 09:34:00,2026-01-10 10:19:00,completed,87,1
733,125,9,2026-01-21,2026-01-21 15:24:00,2026-01-21 16:54:00,completed,61,1
734,221,7,2026-03-14,2026-03-14 10:34:00,2026-03-14 10:58:00,completed,57,1
735,294,8,2026-01-15,2026-01-15 18:38:00,2026-01-15 19:49:00,completed,47,1
736,91,5,2026-02-21,2026-02-21 02:38:00,2026-02-21 03:34:00,completed,83,1
737,254,1,2026-01-12,2026-01-12 06:52:00,2026-01-12 07:25:00,completed,35,0
738,77,8,2026-03-10,2026-03-10 09:24:00,2026-03-10 10:04:00,completed,92,1
739,106,6,2026-02-08,2026-02-08 18:50:00,,incomplete,38,0
740,223,6,2026-01-12,2026-01-12 18:00:00,2026-01-12 18:31:00,completed,86,1
741,151,1,2026-02-17,2026-02-17 17:03:00,2026-02-17 17:32:00,completed,80,1
742,145,1,2026-01-31,2026-01-31 13:44:00,2026-01-31 14:47:00,completed,75,1
743,208,7,2026-02-25,2026-02-25 17:13:00,2026-02-25 17:45:00,completed,95,1
744,97,9,2026-02-19,2026-02-19 11:53:00,2026-02-19 12:24:00,completed,71,1
745,69,1,2026-01-10,2026-01-10 20:01:00,2026-01-10 21:11:00,completed,97,1
746,70,2,2026-01-18,2026-01-18 20:51:00,2026-01-18 22:00:00,completed,93,1
747,93,8,2026-03-07,2026-03-07 13:35:00,,dropped,24,0
748,182,4,2026-01-24,2026-01-24 13:38:00,2026-01-24 14:23:00,completed,98,1
749,257,5,2026-02-22,2026-02-22 17:36:00,2026-02-22 19:03:00,completed,39,0
750,248,6,2026-01-15,2026-01-15 18:30:00,,incomplete,10,0
751,73,9,2026-02-05,2026-02-05 14:33:00,2026-02-05 15:19:00,completed,46,1
752,242,2,2026-03-11,2026-03-11 18:19:00,2026-03-11 19:42:00,completed,78,1
753,6,8,2026-02-28,2026-02-28 16:57:00,2026-02-28 18:05:00,completed,77,1
754,181,5,2026-02-07,2026-02-07 05:02:00,2026-02-07 06:29:00,completed,73,1
755,134,1,2026-03-22,2026-03-22 15:37:00,2026-03-22 16:29:00,completed,41,1
756,14,5,2026-03-04,2026-03-04 02:08:00,2026-03-04 02:55:00,completed,70,1
757,68,10,2026-02-05,2026-02-05 08:54:00,2026-02-05 09:31:00,completed,49,1
758,78,8,2026-02-17,2026-02-17 05:16:00,,dropped,15,0
759,249,3,2026-03-09,2026-03-09 01:21:00,,incomplete,18,0
760,79,8,2026-02-22,2026-02-22 12:15:00,2026-02-22 12:56:00,completed,56,1
761,296,6,2026-01-07,2026-01-07 20:16:00,,dropped,7,0
762,27,3,2026-03-01,2026-03-01 12:30:00,2026-03-01 13:33:00,completed,64,1
763,200,8,2026-02-03,2026-02-03 04:33:00,,dropped,0,0
764,148,8,2026-02-18,2026-02-18 21:20:00,,incomplete,5,0
765,50,9,2026-02-15,2026-02-15 13:39:00,,incomplete,34,0
766,172,5,2026-02-04,2026-02-04 03:16:00,2026-02-04 04:30:00,completed,85,1
767,124,10,2026-01-25,2026-01-25 16:21:00,2026-01-25 17:16:00,completed,58,1
768,281,1,2026-01-02,2026-01-02 02:00:00,2026-01-02 03:12:00,completed,48,1
769,180,4,2026-02-06,2026-02-06 08:12:00,2026-02-06 08:34:00,completed,46,1
770,112,10,2026-01-16,2026-01-16 22:07:00,2026-01-16 23:10:00,completed,51,1
771,290,3,2026-01-15,2026-01-15 22:11:00,2026-01-15 22:35:00,completed,94,1
772,233,5,2026-02-24,2026-02-24 22:57:00,2026-02-24 23:44:00,completed,76,1
773,83,2,2026-02-05,2026-02-05 01:24:00,2026-02-05 02:12:00,completed,42,1
774,136,3,2026-02-26,2026-02-26 02:31:00,,incomplete,25,0
775,202,3,2026-03-04,2026-03-04 03:09:00,2026-03-04 03:51:00,completed,90,1
776,55,8,2026-02-03,2026-02-03 03:02:00,2026-02-03 04:14:00,completed,67,1
777,10,8,2026-01-20,2026-01-20 20:40:00,2026-01-20 21:44:00,completed,39,0
778,137,3,2026-02-12,2026-02-12 12:36:00,2026-02-12 13:52:00,completed,97,1
779,224,7,2026-01-09,2026-01-09 17:14:00,2026-01-09 17:44:00,completed,96,1
780,291,9,2026-02-15,2026-02-15 10:43:00,2026-02-15 11:09:00,completed,42,1
781,188,9,2026-02-13,2026-02-13 02:53:00,2026-02-13 03:33:00,completed,72,1
782,91,9,2026-01-06,2026-01-06 12:42:00,2026-01-06 13:10:00,completed,84,1
783,184,8,2026-01-11,2026-01-11 20:28:00,,dropped,8,0
784,19,4,2026-01-04,2026-01-04 23:37:00,2026-01-05 00:00:00,completed,84,1
785,277,5,2026-03-05,2026-03-05 17:53:00,,dropped,1,0
786,19,6,2026-01-08,2026-01-08 10:50:00,,dropped,25,0
787,61,4,2026-03-08,2026-03-08 14:43:00,,dropped,34,0
788,77,10,2026-01-30,2026-01-30 02:02:00,,dropped,31,0
789,10,8,2026-03-21,2026-03-21 01:15:00,,dropped,8,0
790,8,3,2026-03-22,2026-03-22 01:57:00,2026-03-22 03:10:00,completed,47,1
791,88,10,2026-01-09,2026-01-09 03:07:00,2026-01-09 03:30:00,completed,63,1
792,104,7,2026-02-13,2026-02-13 23:43:00,2026-02-14 01:11:00,completed,50,1
793,280,3,2026-02-11,2026-02-11 06:48:00,2026-02-11 07:45:00,completed,57,1
794,33,2,2026-02-05,2026-02-05 04:48:00,2026-02-05 06:13:00,completed,82,1
795,85,8,2026-02-01,2026-02-01 18:02:00,2026-02-01 18:37:00,completed,83,1
796,9,8,2026-01-11,2026-01-11 00:00:00,2026-01-11 01:30:00,completed,46,1
797,146,7,2026-03-02,2026-03-02 22:08:00,2026-03-02 23:29:00,completed,69,1
798,231,7,2026-01-31,2026-01-31 05:39:00,2026-01-31 06:57:00,completed,58,1
799,46,5,2026-02-14,2026-02-14 13:00:00,2026-02-14 13:30:00,completed,59,1
800,272,2,2026-03-21,2026-03-21 11:55:00,,dropped,34,0
801,260,4,2026-03-01,2026-03-01 20:42:00,2026-03-01 21:21:00,completed,41,1
802,58,3,2026-03-02,2026-03-02 15:11:00,2026-03-02 15:32:00,completed,40,1
803,187,5,2026-01-27,2026-01-27 13:16:00,2026-01-27 13:36:00,completed,93,1
804,54,1,2026-03-10,2026-03-10 05:10:00,,dropped,31,0
805,264,2,2026-01-10,2026-01-10 07:46:00,2026-01-10 08:54:00,completed,76,1
806,102,6,2026-01-30,2026-01-30 03:20:00,2026-01-30 04:27:00,completed,65,1
807,103,7,2026-01-29,2026-01-29 02:30:00,2026-01-29 03:40:00,completed,41,1
808,75,4,2026-03-20,2026-03-20 14:11:00,2026-03-20 15:24:00,completed,52,1
809,100,6,2026-02-04,2026-02-04 06:21:00,2026-02-04 07:11:00,completed,42,1
810,70,2,2026-03-01,2026-03-01 14:26:00,2026-03-01 15:09:00,completed,78,1
811,152,10,2026-01-21,2026-01-21 20:39:00,,incomplete,29,0
812,45,7,2026-03-08,2026-03-08 15:55:00,,incomplete,60,0
813,237,5,2026-01-02,2026-01-02 23:27:00,,dropped,15,0
814,127,6,2026-02-25,2026-02-25 18:14:00,,dropped,37,0
815,77,10,2026-01-01,2026-01-01 13:02:00,2026-01-01 14:21:00,completed,95,1
816,18,7,2026-03-09,2026-03-09 12:30:00,,dropped,44,0
817,51,8,2026-03-05,2026-03-05 07:05:00,2026-03-05 08:12:00,completed,36,0
818,112,3,2026-02-15,2026-02-15 09:15:00,2026-02-15 09:32:00,completed,46,1
819,246,5,2026-01-21,2026-01-21 22:29:00,,dropped,47,0
820,299,1,2026-02-28,2026-02-28 14:49:00,2026-02-28 15:27:00,completed,86,1
821,190,8,2026-01-01,2026-01-01 20:04:00,2026-01-01 21:26:00,completed,77,1
822,17,5,2026-02-24,2026-02-24 08:44:00,,incomplete,26,0
823,42,10,2026-02-12,2026-02-12 23:59:00,2026-02-13 00:20:00,completed,81,1
824,57,7,2026-02-16,2026-02-16 14:39:00,2026-02-16 15:16:00,completed,81,1
825,287,2,2026-03-13,2026-03-13 22:49:00,2026-03-13 23:34:00,completed,77,1
826,277,2,2026-03-03,2026-03-03 23:48:00,2026-03-04 00:31:00,completed,61,1
827,165,6,2026-02-04,2026-02-04 16:43:00,2026-02-04 17:06:00,completed,41,1
828,191,6,2026-02-27,2026-02-27 15:32:00,2026-02-27 16:47:00,completed,50,1
829,273,9,2026-02-07,2026-02-07 14:39:00,2026-02-07 15:18:00,completed,43,1
830,235,2,2026-01-11,2026-01-11 12:57:00,2026-01-11 13:25:00,completed,44,1
831,85,5,2026-01-15,2026-01-15 22:09:00,2026-01-15 23:30:00,completed,61,1
832,12,5,2026-02-23,2026-02-23 21:34:00,,incomplete,60,0
833,178,7,2026-02-26,2026-02-26 23:41:00,2026-02-27 00:04:00,completed,59,1
834,12,4,2026-03-08,2026-03-08 20:21:00,2026-03-08 21:17:00,completed,78,1
835,249,10,2026-03-09,2026-03-09 17:28:00,2026-03-09 18:22:00,completed,51,1
836,88,5,2026-01-30,2026-01-30 15:23:00,,incomplete,6,0
837,76,6,2026-02-06,2026-02-06 14:10:00,2026-02-06 15:33:00,completed,55,1
838,147,3,2026-01-23,2026-01-23 22:44:00,,incomplete,19,0
839,83,4,2026-01-15,2026-01-15 01:20:00,2026-01-15 02:08:00,completed,91,1
840,190,3,2026-01-27,2026-01-27 17:45:00,2026-01-27 18:44:00,completed,75,1
841,76,6,2026-02-27,2026-02-27 17:10:00,2026-02-27 17:28:00,completed,50,1
842,208,8,2026-01-19,2026-01-19 14:59:00,2026-01-19 16:23:00,completed,35,0
843,260,6,2026-02-07,2026-02-07 15:57:00,2026-02-07 17:24:00,completed,53,1
844,227,6,2026-01-15,2026-01-15 23:30:00,,incomplete,17,0
845,283,2,2026-02-09,2026-02-09 00:25:00,2026-02-09 01:37:00,completed,63,1
846,183,2,2026-02-11,2026-02-11 01:38:00,2026-02-11 02:28:00,completed,63,1
847,101,1,2026-01-11,2026-01-11 17:54:00,2026-01-11 19:14:00,completed,46,1
848,202,4,2026-03-04,2026-03-04 10:38:00,2026-03-04 11:39:00,completed,42,1
849,204,3,2026-02-24,2026-02-24 11:24:00,2026-02-24 12:23:00,completed,71,1
850,180,5,2026-02-27,2026-02-27 17:05:00,2026-02-27 18:13:00,completed,91,1
851,227,5,2026-01-21,2026-01-21 23:57:00,2026-01-22 00:29:00,completed,88,1
852,45,3,2026-01-27,2026-01-27 09:30:00,,incomplete,42,0
853,34,10,2026-02-18,2026-02-18 02:00:00,2026-02-18 03:08:00,completed,69,1
854,90,9,2026-03-01,2026-03-01 22:36:00,,dropped,8,0
855,103,3,2026-02-18,2026-02-18 09:35:00,2026-02-18 11:04:00,completed,73,1
856,156,8,2026-03-13,2026-03-13 23:29:00,2026-03-14 00:03:00,completed,35,0
857,135,5,2026-03-02,2026-03-02 03:41:00,2026-03-02 04:49:00,completed,71,1
858,92,8,2026-02-01,2026-02-01 00:07:00,,dropped,31,0
859,35,10,2026-02-16,2026-02-16 18:30:00,2026-02-16 19:45:00,completed,68,1
860,62,6,2026-03-07,2026-03-07 23:36:00,2026-03-08 00:11:00,completed,68,1
861,298,1,2026-01-19,2026-01-19 10:29:00,,dropped,8,0
862,183,3,2026-01-07,2026-01-07 08:23:00,2026-01-07 08:44:00,completed,80,1
863,149,5,2026-03-09,2026-03-09 20:59:00,2026-03-09 21:37:00,completed,59,1
864,49,10,2026-01-22,2026-01-22 17:20:00,,dropped,52,0
865,155,5,2026-02-16,2026-02-16 03:34:00,2026-02-16 03:50:00,completed,53,1
866,71,9,2026-02-06,2026-02-06 11:49:00,2026-02-06 12:24:00,completed,78,1
867,53,4,2026-01-20,2026-01-20 16:14:00,,dropped,50,0
868,287,10,2026-03-09,2026-03-09 17:45:00,2026-03-09 18:53:00,completed,49,1
869,236,2,2026-01-15,2026-01-15 04:59:00,2026-01-15 05:53:00,completed,79,1
870,186,3,2026-02-26,2026-02-26 19:33:00,,dropped,21,0
871,89,5,2026-01-04,2026-01-04 23:52:00,2026-01-05 00:25:00,completed,51,1
872,117,5,2026-01-17,2026-01-17 06:08:00,,incomplete,54,0
873,58,2,2026-01-03,2026-01-03 15:48:00,2026-01-03 16:16:00,completed,60,1
874,17,9,2026-03-17,2026-03-17 01:30:00,2026-03-17 01:50:00,completed,67,1
875,34,5,2026-01-02,2026-01-02 03:50:00,2026-01-02 05:20:00,completed,61,1
876,103,3,2026-02-14,2026-02-14 00:05:00,2026-02-14 01:34:00,completed,70,1
877,179,6,2026-01-21,2026-01-21 16:49:00,,dropped,15,0
878,259,10,2026-01-09,2026-01-09 03:52:00,2026-01-09 05:14:00,completed,36,0
879,112,4,2026-02-06,2026-02-06 05:57:00,,dropped,0,0
880,51,4,2026-03-06,2026-03-06 22:30:00,2026-03-06 23:41:00,completed,58,1
881,55,3,2026-02-15,2026-02-15 12:27:00,2026-02-15 13:34:00,completed,64,1
882,58,6,2026-01-16,2026-01-16 14:07:00,2026-01-16 15:08:00,completed,98,1
883,148,9,2026-01-06,2026-01-06 02:20:00,2026-01-06 03:11:00,completed,84,1
884,234,10,2026-02-09,2026-02-09 21:53:00,2026-02-09 22:45:00,completed,87,1
885,220,4,2026-01-09,2026-01-09 15:43:00,2026-01-09 17:00:00,completed,36,0
886,54,7,2026-02-26,2026-02-26 16:42:00,2026-02-26 17:15:00,completed,50,1
887,203,7,2026-03-17,2026-03-17 03:47:00,,incomplete,21,0
888,34,6,2026-01-26,2026-01-26 10:12:00,2026-01-26 10:42:00,completed,86,1
889,120,7,2026-03-05,2026-03-05 08:48:00,,dropped,37,0
890,140,7,2026-02-15,2026-02-15 15:42:00,2026-02-15 16:59:00,completed,86,1
891,262,5,2026-01-19,2026-01-19 14:06:00,2026-01-19 15:24:00,completed,97,1
892,119,3,2026-01-04,2026-01-04 03:47:00,2026-01-04 05:05:00,completed,43,1
893,14,3,2026-02-18,2026-02-18 19:43:00,2026-02-18 20:10:00,completed,73,1
894,40,9,2026-03-05,2026-03-05 14:12:00,2026-03-05 15:29:00,completed,98,1
895,259,5,2026-03-11,2026-03-11 10:51:00,,dropped,34,0
896,10,1,2026-02-25,2026-02-25 03:24:00,2026-02-25 04:35:00,completed,83,1
897,236,1,2026-01-05,2026-01-05 05:35:00,2026-01-05 06:11:00,completed,73,1
898,252,7,2026-01-18,2026-01-18 09:45:00,2026-01-18 11:12:00,completed,49,1
899,252,9,2026-03-11,2026-03-11 18:30:00,2026-03-11 19:49:00,completed,55,1
900,29,7,2026-02-03,2026-02-03 15:37:00,,incomplete,45,0
901,146,6,2026-01-08,2026-01-08 00:37:00,2026-01-08 01:36:00,completed,81,1
902,299,1,2026-03-22,2026-03-22 10:24:00,2026-03-22 11:24:00,completed,79,1
903,211,6,2026-01-08,2026-01-08 21:15:00,2026-01-08 22:45:00,completed,74,1
904,44,2,2026-02-09,2026-02-09 03:21:00,2026-02-09 03:40:00,completed,76,1
905,236,7,2026-03-14,2026-03-14 16:57:00,2026-03-14 18:12:00,completed,37,0
906,12,6,2026-02-18,2026-02-18 18:24:00,2026-02-18 19:41:00,completed,47,1
907,52,4,2026-02-13,2026-02-13 15:32:00,,dropped,42,0
908,174,3,2026-03-20,2026-03-20 09:23:00,,incomplete,25,0
909,255,2,2026-03-10,2026-03-10 06:18:00,2026-03-10 07:46:00,completed,73,1
910,206,4,2026-03-21,2026-03-21 23:05:00,,dropped,37,0
911,49,10,2026-02-13,2026-02-13 08:04:00,2026-02-13 09:13:00,completed,95,1
912,108,6,2026-01-10,2026-01-10 20:52:00,2026-01-10 22:02:00,completed,73,1
913,277,6,2026-01-26,2026-01-26 13:25:00,2026-01-26 14:50:00,completed,93,1
914,93,1,2026-03-22,2026-03-22 22:33:00,,dropped,36,0
915,256,4,2026-03-01,2026-03-01 08:59:00,2026-03-01 10:26:00,completed,90,1
916,31,9,2026-01-26,2026-01-26 11:29:00,2026-01-26 12:22:00,completed,54,1
917,223,7,2026-02-10,2026-02-10 02:40:00,2026-02-10 03:29:00,completed,87,1
918,147,3,2026-02-02,2026-02-02 21:38:00,2026-02-02 22:07:00,completed,65,1
919,77,4,2026-01-04,2026-01-04 07:51:00,,dropped,29,0
920,249,9,2026-02-25,2026-02-25 13:41:00,,incomplete,25,0
921,82,5,2026-01-18,2026-01-18 00:16:00,,dropped,17,0
922,282,3,2026-01-06,2026-01-06 23:31:00,,dropped,3,0
923,43,6,2026-03-19,2026-03-19 09:55:00,2026-03-19 10:56:00,completed,87,1
924,47,7,2026-01-18,2026-01-18 07:07:00,2026-01-18 08:28:00,completed,50,1
925,298,9,2026-02-02,2026-02-02 15:56:00,2026-02-02 16:51:00,completed,50,1
926,169,10,2026-02-19,2026-02-19 23:47:00,2026-02-20 00:29:00,completed,89,1
927,74,2,2026-01-23,2026-01-23 06:17:00,2026-01-23 07:47:00,completed,67,1
928,29,8,2026-03-10,2026-03-10 11:44:00,,incomplete,40,0
929,280,7,2026-03-02,2026-03-02 21:15:00,,incomplete,18,0
930,186,8,2026-02-17,2026-02-17 09:01:00,2026-02-17 09:22:00,completed,39,0
931,123,5,2026-03-12,2026-03-12 12:19:00,2026-03-12 12:49:00,completed,81,1
932,274,4,2026-02-26,2026-02-26 12:00:00,,incomplete,50,0
933,131,5,2026-01-12,2026-01-12 07:19:00,2026-01-12 08:30:00,completed,55,1
934,163,7,2026-01-05,2026-01-05 08:55:00,2026-01-05 10:10:00,completed,97,1
935,212,6,2026-02-24,2026-02-24 03:52:00,2026-02-24 05:11:00,completed,68,1
936,34,6,2026-02-23,2026-02-23 19:46:00,,dropped,47,0
937,168,8,2026-01-04,2026-01-04 01:41:00,2026-01-04 02:13:00,completed,91,1
938,2,7,2026-01-26,2026-01-26 20:19:00,2026-01-26 20:48:00,completed,45,1
939,81,4,2026-03-08,2026-03-08 22:49:00,,dropped,48,0
940,67,10,2026-02-22,2026-02-22 10:28:00,2026-02-22 11:16:00,completed,52,1
941,89,10,2026-02-11,2026-02-11 09:12:00,2026-02-11 09:50:00,completed,82,1
942,202,7,2026-03-15,2026-03-15 07:01:00,,incomplete,29,0
943,46,8,2026-01-26,2026-01-26 08:44:00,,dropped,3,0
944,206,10,2026-02-24,2026-02-24 19:16:00,2026-02-24 19:52:00,completed,82,1
945,291,2,2026-01-02,2026-01-02 22:33:00,2026-01-02 23:51:00,completed,93,1
946,61,4,2026-01-27,2026-01-27 06:55:00,,dropped,17,0
947,148,8,2026-02-18,2026-02-18 04:27:00,,dropped,38,0
948,111,5,2026-01-25,2026-01-25 13:11:00,2026-01-25 13:29:00,completed,53,1
949,149,5,2026-01-31,2026-01-31 19:28:00,,incomplete,47,0
950,299,8,2026-01-11,2026-01-11 00:30:00,2026-01-11 01:35:00,completed,76,1
951,109,7,2026-02-24,2026-02-24 23:38:00,2026-02-25 01:04:00,completed,47,1
952,31,1,2026-02-12,2026-02-12 07:30:00,,incomplete,5,0
953,3,5,2026-03-06,2026-03-06 19:24:00,2026-03-06 20:26:00,completed,85,1
954,68,9,2026-01-06,2026-01-06 18:11:00,2026-01-06 19:09:00,completed,98,1
955,240,3,2026-01-12,2026-01-12 10:45:00,2026-01-12 11:33:00,completed,53,1
956,60,6,2026-01-06,2026-01-06 04:31:00,,dropped,53,0
957,144,6,2026-02-25,2026-02-25 09:57:00,,dropped,39,0
958,136,9,2026-02-10,2026-02-10 13:57:00,2026-02-10 14:31:00,completed,97,1
959,285,8,2026-01-07,2026-01-07 06:09:00,2026-01-07 06:28:00,completed,58,1
960,241,5,2026-01-21,2026-01-21 22:29:00,2026-01-21 22:49:00,completed,98,1
961,227,6,2026-03-13,2026-03-13 15:29:00,2026-03-13 15:59:00,completed,53,1
962,179,2,2026-01-27,2026-01-27 09:11:00,,dropped,47,0
963,261,5,2026-03-14,2026-03-14 21:37:00,2026-03-14 22:59:00,completed,35,0
964,293,3,2026-02-23,2026-02-23 02:15:00,,dropped,43,0
965,49,6,2026-01-04,2026-01-04 09:43:00,,incomplete,15,0
966,202,6,2026-03-17,2026-03-17 03:53:00,2026-03-17 04:18:00,completed,38,0
967,236,8,2026-02-28,2026-02-28 20:17:00,2026-02-28 21:14:00,completed,35,0
968,23,10,2026-02-27,2026-02-27 10:46:00,,incomplete,16,0
969,109,1,2026-02-06,2026-02-06 10:51:00,2026-02-06 12:16:00,completed,44,1
970,196,2,2026-02-21,2026-02-21 08:11:00,2026-02-21 08:37:00,completed,86,1
971,11,4,2026-01-21,2026-01-21 12:49:00,2026-01-21 13:19:00,completed,54,1
972,153,8,2026-02-25,2026-02-25 23:51:00,,incomplete,16,0
973,184,2,2026-02-17,2026-02-17 16:12:00,2026-02-17 17:27:00,completed,84,1
974,138,10,2026-03-18,2026-03-18 13:05:00,,dropped,51,0
975,189,10,2026-01-24,2026-01-24 13:40:00,2026-01-24 15:00:00,completed,40,1
976,175,8,2026-01-29,2026-01-29 20:43:00,,dropped,31,0
977,270,9,2026-01-11,2026-01-11 09:29:00,2026-01-11 10:22:00,completed,96,1
978,77,3,2026-02-08,2026-02-08 07:33:00,2026-02-08 08:58:00,completed,41,1
979,40,1,2026-03-07,2026-03-07 03:32:00,2026-03-07 04:46:00,completed,47,1
980,292,5,2026-02-15,2026-02-15 08:37:00,2026-02-15 09:06:00,completed,37,0
981,237,3,2026-01-24,2026-01-24 12:02:00,2026-01-24 12:57:00,completed,73,1
982,233,8,2026-03-21,2026-03-21 08:21:00,,incomplete,23,0
983,109,3,2026-01-11,2026-01-11 23:38:00,2026-01-12 00:48:00,completed,48,1
984,274,1,2026-01-01,2026-01-01 12:07:00,2026-01-01 13:20:00,completed,96,1
985,208,10,2026-03-04,2026-03-04 09:39:00,,dropped,39,0
986,185,7,2026-02-08,2026-02-08 02:08:00,2026-02-08 02:37:00,completed,59,1
987,9,4,2026-01-04,2026-01-04 06:30:00,2026-01-04 07:40:00,completed,65,1
988,276,4,2026-01-12,2026-01-12 09:49:00,2026-01-12 10:58:00,completed,95,1
989,12,2,2026-01-22,2026-01-22 04:47:00,,dropped,31,0
990,242,1,2026-02-27,2026-02-27 18:15:00,2026-02-27 18:36:00,completed,85,1
991,171,1,2026-01-14,2026-01-14 20:54:00,,dropped,26,0
992,254,10,2026-03-18,2026-03-18 23:35:00,,incomplete,4,0
993,250,7,2026-03-04,2026-03-04 16:37:00,,dropped,43,0
994,250,4,2026-01-08,2026-01-08 16:01:00,2026-01-08 17:26:00,completed,75,1
995,33,5,2026-02-23,2026-02-23 15:07:00,2026-02-23 16:19:00,completed,79,1
996,224,1,2026-01-21,2026-01-21 09:46:00,2026-01-21 10:57:00,completed,79,1
997,119,9,2026-01-29,2026-01-29 18:58:00,2026-01-29 19:29:00,completed,94,1
998,151,7,2026-02-23,2026-02-23 21:41:00,,dropped,50,0
999,242,3,2026-03-21,2026-03-21 06:18:00,2026-03-21 07:34:00,completed,46,1
1000,67,3,2026-01-26,2026-01-26 05:38:00,2026-01-26 06:56:00,completed,88,1
1001,156,4,2026-01-27,2026-01-27 17:03:00,,incomplete,45,0
1002,134,6,2026-01-21,2026-01-21 05:52:00,,dropped,32,0
1003,17,2,2026-02-13,2026-02-13 13:07:00,2026-02-13 14:33:00,completed,50,1
1004,115,8,2026-02-03,2026-02-03 10:50:00,2026-02-03 12:16:00,completed,40,1
1005,137,3,2026-03-07,2026-03-07 19:42:00,2026-03-07 20:53:00,completed,41,1
1006,235,2,2026-01-14,2026-01-14 19:39:00,,dropped,6,0
1007,288,1,2026-03-06,2026-03-06 03:10:00,2026-03-06 04:11:00,completed,61,1
1008,81,5,2026-02-26,2026-02-26 16:31:00,,dropped,6,0
1009,79,6,2026-02-12,2026-02-12 04:07:00,,dropped,28,0
1010,213,1,2026-02-01,2026-02-01 15:21:00,2026-02-01 15:46:00,completed,56,1
1011,137,6,2026-02-23,2026-02-23 11:40:00,2026-02-23 13:02:00,completed,54,1
1012,216,4,2026-01-18,2026-01-18 13:26:00,,incomplete,58,0
1013,265,6,2026-01-04,2026-01-04 14:09:00,,dropped,45,0
1014,265,2,2026-01-11,2026-01-11 10:20:00,2026-01-11 11:30:00,completed,56,1
1015,32,7,2026-01-05,2026-01-05 21:59:00,2026-01-05 23:20:00,completed,42,1
1016,152,7,2026-02-21,2026-02-21 21:44:00,2026-02-21 22:39:00,completed,73,1
1017,177,1,2026-02-05,2026-02-05 16:39:00,,incomplete,51,0
1018,229,4,2026-03-11,2026-03-11 19:50:00,2026-03-11 20:49:00,completed,91,1
1019,208,4,2026-02-08,2026-02-08 02:02:00,2026-02-08 02:33:00,completed,84,1
1020,267,9,2026-02-06,2026-02-06 06:05:00,2026-02-06 07:26:00,completed,74,1
1021,175,3,2026-01-03,2026-01-03 00:56:00,,dropped,37,0
1022,133,4,2026-02-08,2026-02-08 23:27:00,,incomplete,14,0
1023,31,6,2026-02-03,2026-02-03 20:32:00,2026-02-03 21:02:00,completed,41,1
1024,230,5,2026-03-15,2026-03-15 23:00:00,2026-03-16 00:29:00,completed,65,1
1025,290,9,2026-03-18,2026-03-18 07:22:00,2026-03-18 08:25:00,completed,52,1
1026,267,4,2026-01-14,2026-01-14 10:33:00,2026-01-14 11:46:00,completed,81,1
1027,51,3,2026-02-24,2026-02-24 13:05:00,2026-02-24 13:36:00,completed,89,1
1028,244,4,2026-02-27,2026-02-27 02:23:00,2026-02-27 03:53:00,completed,86,1
1029,287,9,2026-02-20,2026-02-20 08:37:00,2026-02-20 09:48:00,completed,89,1
1030,251,7,2026-01-21,2026-01-21 04:32:00,2026-01-21 05:03:00,completed,93,1
1031,263,9,2026-01-16,2026-01-16 22:13:00,2026-01-16 22:48:00,completed,39,0
1032,287,6,2026-01-16,2026-01-16 19:54:00,2026-01-16 20:56:00,completed,50,1
1033,293,5,2026-01-06,2026-01-06 16:09:00,2026-01-06 17:11:00,completed,74,1
1034,156,5,2026-03-04,2026-03-04 00:50:00,2026-03-04 01:11:00,completed,88,1
1035,157,5,2026-01-28,2026-01-28 05:52:00,,dropped,0,0
1036,63,9,2026-02-14,2026-02-14 02:55:00,2026-02-14 04:23:00,completed,96,1
1037,159,10,2026-02-27,2026-02-27 10:50:00,2026-02-27 11:22:00,completed,51,1
1038,259,8,2026-02-27,2026-02-27 21:28:00,2026-02-27 21:54:00,completed,76,1
1039,210,7,2026-01-30,2026-01-30 12:21:00,2026-01-30 13:11:00,completed,91,1
1040,46,3,2026-01-04,2026-01-04 18:40:00,,dropped,45,0
1041,159,9,2026-01-16,2026-01-16 20:35:00,2026-01-16 22:02:00,completed,41,1
1042,268,4,2026-03-02,2026-03-02 16:57:00,2026-03-02 17:14:00,completed,58,1
1043,141,4,2026-02-01,2026-02-01 22:53:00,,dropped,28,0
1044,44,9,2026-03-19,2026-03-19 10:25:00,2026-03-19 10:42:00,completed,97,1
1045,175,7,2026-01-24,2026-01-24 13:01:00,,dropped,20,0
1046,196,5,2026-01-12,2026-01-12 03:06:00,2026-01-12 03:39:00,completed,71,1
1047,94,5,2026-01-12,2026-01-12 04:19:00,,incomplete,21,0
1048,31,10,2026-02-11,2026-02-11 05:01:00,,dropped,19,0
1049,200,2,2026-02-10,2026-02-10 04:26:00,,dropped,16,0
1050,193,2,2026-01-07,2026-01-07 06:15:00,,dropped,37,0
1051,122,8,2026-03-07,2026-03-07 16:24:00,,incomplete,34,0
1052,32,6,2026-03-01,2026-03-01 17:26:00,2026-03-01 18:33:00,completed,38,0
1053,120,1,2026-02-04,2026-02-04 17:37:00,2026-02-04 19:03:00,completed,66,1
1054,65,5,2026-03-14,2026-03-14 13:28:00,2026-03-14 14:01:00,completed,61,1
1055,192,9,2026-01-22,2026-01-22 07:34:00,,incomplete,57,0
1056,22,1,2026-03-01,2026-03-01 19:18:00,2026-03-01 19:33:00,completed,56,1
1057,31,8,2026-02-04,2026-02-04 19:16:00,,dropped,24,0
1058,180,4,2026-03-16,2026-03-16 16:18:00,2026-03-16 17:11:00,completed,43,1
1059,46,7,2026-01-16,2026-01-16 04:46:00,2026-01-16 05:56:00,completed,70,1
1060,108,10,2026-03-06,2026-03-06 10:56:00,2026-03-06 11:44:00,completed,78,1
1061,232,5,2026-02-01,2026-02-01 21:20:00,2026-02-01 22:17:00,completed,93,1
1062,9,3,2026-01-01,2026-01-01 19:30:00,2026-01-01 20:07:00,completed,36,0
1063,212,9,2026-03-04,2026-03-04 12:34:00,2026-03-04 13:57:00,completed,44,1
1064,16,8,2026-01-16,2026-01-16 11:52:00,2026-01-16 12:56:00,completed,80,1
1065,91,1,2026-01-16,2026-01-16 14:23:00,,incomplete,56,0
1066,5,4,2026-01-03,2026-01-03 08:43:00,,incomplete,45,0
1067,99,2,2026-03-20,2026-03-20 20:19:00,,dropped,14,0
1068,120,8,2026-02-16,2026-02-16 01:17:00,2026-02-16 01:32:00,completed,61,1
1069,101,7,2026-01-15,2026-01-15 08:36:00,2026-01-15 10:01:00,completed,56,1
1070,100,10,2026-03-19,2026-03-19 18:11:00,2026-03-19 18:34:00,completed,51,1
1071,66,5,2026-03-14,2026-03-14 07:56:00,2026-03-14 08:35:00,completed,70,1
1072,12,9,2026-03-20,2026-03-20 08:43:00,2026-03-20 08:58:00,completed,93,1
1073,219,1,2026-02-11,2026-02-11 13:54:00,,incomplete,35,0
1074,63,9,2026-03-01,2026-03-01 15:23:00,2026-03-01 16:06:00,completed,40,1
1075,25,5,2026-02-23,2026-02-23 17:28:00,2026-02-23 18:07:00,completed,85,1
1076,172,2,2026-03-15,2026-03-15 00:47:00,2026-03-15 01:11:00,completed,89,1
1077,128,4,2026-01-22,2026-01-22 10:19:00,2026-01-22 10:37:00,completed,47,1
1078,246,7,2026-01-04,2026-01-04 18:51:00,2026-01-04 19:38:00,completed,77,1
1079,127,2,2026-03-02,2026-03-02 07:21:00,,dropped,52,0
1080,171,9,2026-01-31,2026-01-31 02:49:00,2026-01-31 03:16:00,completed,91,1
1081,229,10,2026-01-16,2026-01-16 02:03:00,,incomplete,48,0
1082,161,2,2026-01-17,2026-01-17 01:58:00,,dropped,3,0
1083,155,10,2026-03-22,2026-03-22 13:04:00,2026-03-22 14:30:00,completed,42,1
1084,27,5,2026-02-18,2026-02-18 12:06:00,2026-02-18 12:50:00,completed,87,1
1085,6,8,2026-02-19,2026-02-19 14:50:00,2026-02-19 15:48:00,completed,47,1
1086,14,8,2026-03-08,2026-03-08 10:37:00,2026-03-08 10:53:00,completed,48,1
1087,35,10,2026-01-25,2026-01-25 18:08:00,2026-01-25 19:08:00,completed,67,1
1088,216,8,2026-03-21,2026-03-21 14:11:00,2026-03-21 14:33:00,completed,40,1
1089,66,5,2026-03-16,2026-03-16 13:32:00,,incomplete,45,0
1090,160,10,2026-03-11,2026-03-11 04:09:00,2026-03-11 05:01:00,completed,78,1
1091,189,1,2026-03-08,2026-03-08 18:42:00,2026-03-08 19:27:00,completed,42,1
1092,260,9,2026-01-07,2026-01-07 13:22:00,2026-01-07 14:02:00,completed,60,1
1093,36,6,2026-01-25,2026-01-25 21:30:00,2026-01-25 22:27:00,completed,94,1
1094,297,10,2026-02-12,2026-02-12 19:19:00,2026-02-12 19:47:00,completed,55,1
1095,233,1,2026-03-05,2026-03-05 07:58:00,2026-03-05 08:42:00,completed,63,1
1096,239,10,2026-01-28,2026-01-28 07:30:00,,dropped,52,0
1097,170,7,2026-01-27,2026-01-27 12:11:00,,dropped,0,0
1098,186,1,2026-01-10,2026-01-10 11:01:00,2026-01-10 11:53:00,completed,53,1
1099,226,4,2026-03-22,2026-03-22 18:58:00,,dropped,2,0
1100,16,4,2026-01-26,2026-01-26 09:11:00,2026-01-26 09:48:00,completed,68,1
1101,174,9,2026-02-01,2026-02-01 05:12:00,2026-02-01 05:39:00,completed,68,1
1102,11,3,2026-02-18,2026-02-18 20:50:00,,dropped,21,0
1103,108,5,2026-02-28,2026-02-28 07:23:00,,dropped,42,0
1104,88,9,2026-03-21,2026-03-21 13:56:00,,dropped,7,0
1105,74,3,2026-01-25,2026-01-25 06:34:00,2026-01-25 07:29:00,completed,82,1
1106,220,4,2026-01-06,2026-01-06 19:37:00,2026-01-06 20:11:00,completed,72,1
1107,168,4,2026-01-07,2026-01-07 20:50:00,2026-01-07 22:10:00,completed,51,1
1108,300,8,2026-01-27,2026-01-27 23:05:00,,dropped,50,0
1109,34,3,2026-03-07,2026-03-07 12:48:00,,dropped,48,0
1110,261,6,2026-03-05,2026-03-05 16:29:00,2026-03-05 17:51:00,completed,82,1
1111,248,8,2026-03-02,2026-03-02 08:37:00,2026-03-02 09:18:00,completed,39,0
1112,113,4,2026-02-27,2026-02-27 07:25:00,2026-02-27 08:28:00,completed,89,1
1113,293,3,2026-02-17,2026-02-17 08:35:00,2026-02-17 09:27:00,completed,45,1
1114,228,9,2026-02-15,2026-02-15 07:37:00,2026-02-15 08:46:00,completed,78,1
1115,231,8,2026-02-25,2026-02-25 13:23:00,,dropped,20,0
1116,140,7,2026-01-04,2026-01-04 05:28:00,2026-01-04 06:28:00,completed,44,1
1117,43,5,2026-03-06,2026-03-06 16:34:00,2026-03-06 17:18:00,completed,70,1
1118,51,2,2026-01-10,2026-01-10 11:02:00,2026-01-10 11:42:00,completed,77,1
1119,169,5,2026-02-08,2026-02-08 23:52:00,,dropped,54,0
1120,141,4,2026-03-19,2026-03-19 04:54:00,,dropped,47,0
1121,279,5,2026-01-02,2026-01-02 09:18:00,,dropped,50,0
1122,207,7,2026-03-16,2026-03-16 20:00:00,2026-03-16 21:05:00,completed,54,1
1123,117,4,2026-01-27,2026-01-27 15:14:00,2026-01-27 16:28:00,completed,94,1
1124,175,2,2026-02-10,2026-02-10 06:27:00,,dropped,44,0
1125,214,4,2026-02-26,2026-02-26 14:54:00,2026-02-26 15:26:00,completed,82,1
1126,296,3,2026-02-09,2026-02-09 23:00:00,2026-02-09 23:58:00,completed,80,1
1127,116,7,2026-02-24,2026-02-24 21:48:00,2026-02-24 22:44:00,completed,73,1
1128,12,10,2026-01-05,2026-01-05 04:09:00,,incomplete,42,0
1129,291,10,2026-03-19,2026-03-19 18:55:00,2026-03-19 19:36:00,completed,83,1
1130,201,2,2026-03-10,2026-03-10 12:12:00,2026-03-10 13:39:00,completed,77,1
1131,232,5,2026-01-12,2026-01-12 05:06:00,2026-01-12 05:25:00,completed,57,1
1132,251,1,2026-01-24,2026-01-24 06:04:00,,incomplete,49,0
1133,146,4,2026-01-30,2026-01-30 09:42:00,2026-01-30 10:04:00,completed,93,1
1134,189,9,2026-01-02,2026-01-02 05:20:00,,dropped,26,0
1135,201,3,2026-01-15,2026-01-15 04:34:00,2026-01-15 05:38:00,completed,43,1
1136,106,3,2026-01-27,2026-01-27 09:27:00,,dropped,42,0
1137,244,3,2026-03-19,2026-03-19 18:19:00,2026-03-19 19:09:00,completed,93,1
1138,104,1,2026-01-19,2026-01-19 14:04:00,,dropped,38,0
1139,127,9,2026-02-12,2026-02-12 18:56:00,2026-02-12 20:24:00,completed,94,1
1140,21,2,2026-02-06,2026-02-06 20:56:00,,incomplete,44,0
1141,153,7,2026-03-20,2026-03-20 05:26:00,2026-03-20 06:39:00,completed,90,1
1142,197,3,2026-03-14,2026-03-14 03:25:00,2026-03-14 04:10:00,completed,40,1
1143,81,5,2026-03-22,2026-03-22 17:18:00,2026-03-22 18:00:00,completed,43,1
1144,253,7,2026-03-12,2026-03-12 03:23:00,2026-03-12 04:42:00,completed,48,1
1145,167,7,2026-02-27,2026-02-27 05:16:00,2026-02-27 06:30:00,completed,40,1
1146,14,2,2026-03-01,2026-03-01 12:21:00,,dropped,54,0
1147,100,7,2026-01-05,2026-01-05 00:16:00,2026-01-05 01:12:00,completed,52,1
1148,238,8,2026-03-01,2026-03-01 02:05:00,2026-03-01 03:16:00,completed,66,1
1149,72,8,2026-02-05,2026-02-05 05:10:00,,dropped,38,0
1150,52,3,2026-02-07,2026-02-07 03:34:00,,dropped,10,0
1151,40,1,2026-02-04,2026-02-04 04:28:00,2026-02-04 04:47:00,completed,62,1
1152,273,4,2026-02-26,2026-02-26 22:03:00,,dropped,51,0
1153,268,2,2026-02-19,2026-02-19 22:19:00,2026-02-19 22:40:00,completed,35,0
1154,194,4,2026-02-01,2026-02-01 11:58:00,2026-02-01 12:15:00,completed,46,1
1155,216,1,2026-01-02,2026-01-02 10:52:00,2026-01-02 11:35:00,completed,43,1
1156,50,3,2026-01-22,2026-01-22 01:26:00,2026-01-22 02:22:00,completed,76,1
1157,288,4,2026-03-21,2026-03-21 06:59:00,2026-03-21 07:29:00,completed,89,1
1158,119,4,2026-01-14,2026-01-14 11:20:00,2026-01-14 12:15:00,completed,86,1
1159,7,7,2026-01-28,2026-01-28 14:14:00,2026-01-28 15:16:00,completed,70,1
1160,23,2,2026-01-28,2026-01-28 13:19:00,,dropped,31,0
1161,53,9,2026-03-14,2026-03-14 05:16:00,,incomplete,41,0
1162,199,3,2026-02-12,2026-02-12 05:40:00,,dropped,44,0
1163,163,8,2026-01-09,2026-01-09 10:01:00,2026-01-09 11:04:00,completed,92,1
1164,262,4,2026-03-06,2026-03-06 18:45:00,,incomplete,29,0
1165,11,10,2026-01-16,2026-01-16 09:15:00,,dropped,48,0
1166,125,10,2026-01-11,2026-01-11 01:08:00,2026-01-11 01:48:00,completed,72,1
1167,78,7,2026-01-27,2026-01-27 20:02:00,2026-01-27 20:59:00,completed,91,1
1168,69,5,2026-02-10,2026-02-10 20:50:00,,dropped,33,0
1169,213,5,2026-01-04,2026-01-04 07:54:00,,dropped,21,0
1170,125,4,2026-03-11,2026-03-11 01:58:00,,incomplete,31,0
1171,114,10,2026-02-18,2026-02-18 16:20:00,2026-02-18 16:43:00,completed,35,0
1172,252,2,2026-01-25,2026-01-25 01:40:00,,incomplete,26,0
1173,65,2,2026-01-23,2026-01-23 18:35:00,,dropped,13,0
1174,121,9,2026-01-11,2026-01-11 13:46:00,2026-01-11 14:26:00,completed,56,1
1175,126,7,2026-01-23,2026-01-23 19:15:00,2026-01-23 19:55:00,completed,92,1
1176,140,8,2026-01-11,2026-01-11 11:25:00,2026-01-11 12:36:00,completed,95,1
1177,217,9,2026-03-20,2026-03-20 23:27:00,,dropped,52,0
1178,247,1,2026-02-18,2026-02-18 13:54:00,2026-02-18 15:17:00,completed,73,1
1179,79,9,2026-01-23,2026-01-23 08:24:00,2026-01-23 09:15:00,completed,93,1
1180,193,9,2026-03-19,2026-03-19 15:04:00,2026-03-19 15:44:00,completed,95,1
1181,80,4,2026-01-01,2026-01-01 00:55:00,2026-01-01 02:12:00,completed,82,1
1182,208,7,2026-02-20,2026-02-20 23:23:00,2026-02-21 00:53:00,completed,74,1
1183,37,7,2026-01-05,2026-01-05 03:24:00,,incomplete,20,0
1184,100,7,2026-02-02,2026-02-02 23:22:00,2026-02-03 00:24:00,completed,97,1
1185,30,7,2026-02-24,2026-02-24 23:15:00,2026-02-25 00:16:00,completed,39,0
1186,15,3,2026-02-03,2026-02-03 19:29:00,,incomplete,18,0
1187,131,4,2026-03-19,2026-03-19 18:42:00,,dropped,0,0
1188,60,2,2026-02-19,2026-02-19 12:45:00,2026-02-19 14:06:00,completed,45,1
1189,97,7,2026-01-22,2026-01-22 13:16:00,2026-01-22 14:46:00,completed,83,1
1190,158,7,2026-01-12,2026-01-12 03:40:00,2026-01-12 04:13:00,completed,79,1
1191,138,4,2026-02-20,2026-02-20 22:19:00,2026-02-20 23:36:00,completed,56,1
1192,1,2,2026-01-09,2026-01-09 22:26:00,2026-01-09 23:36:00,completed,71,1
1193,88,3,2026-02-17,2026-02-17 05:45:00,2026-02-17 06:23:00,completed,97,1
1194,258,2,2026-02-27,2026-02-27 18:52:00,2026-02-27 19:14:00,completed,60,1
1195,94,4,2026-02-03,2026-02-03 13:28:00,2026-02-03 14:04:00,completed,48,1
1196,41,5,2026-01-11,2026-01-11 12:07:00,2026-01-11 12:25:00,completed,78,1
1197,300,4,2026-03-03,2026-03-03 15:43:00,,dropped,0,0
1198,32,5,2026-01-01,2026-01-01 21:37:00,,dropped,2,0
1199,50,4,2026-03-08,2026-03-08 00:24:00,2026-03-08 01:41:00,completed,69,1
1200,243,6,2026-03-19,2026-03-19 13:21:00,2026-03-19 14:16:00,completed,78,1
