payment_id,attempt_id,student_id,quiz_id,amount,payment_status,payment_date
1,1,109,5,49,paid,2026-01-11
2,2,2,7,0,failed,2026-02-27
3,3,148,5,49,paid,2026-02-28
4,4,102,7,199,paid,2026-01-15
5,5,37,1,49,paid,2026-01-22
6,6,148,8,299,paid,2026-01-16
7,7,257,9,299,paid,2026-03-05
8,8,129,1,49,paid,2026-01-12
9,9,11,5,49,paid,2026-03-15
10,10,266,8,299,paid,2026-02-05
11,11,241,6,299,paid,2026-02-22
12,12,211,8,299,paid,2026-02-06
13,13,19,8,299,paid,2026-01-12
14,14,1,9,299,paid,2026-03-01
15,15,227,1,49,paid,2026-01-27
16,16,249,2,49,paid,2026-01-04
17,17,82,5,49,paid,2026-03-12
18,18,237,2,49,paid,2026-01-20
19,19,140,7,199,paid,2026-03-03
20,20,98,10,49,paid,2026-03-07
21,21,213,6,299,paid,2026-03-06
22,22,297,8,299,paid,2026-01-20
23,23,279,7,199,paid,2026-02-28
24,24,197,4,299,paid,2026-02-22
25,25,196,7,0,failed,2026-01-20
26,26,226,2,0,failed,2026-03-09
27,27,80,2,49,paid,2026-03-02
28,28,169,9,299,paid,2026-02-18
29,29,250,9,299,paid,2026-01-05
30,30,47,7,199,paid,2026-01-13
31,31,86,5,49,paid,2026-01-04
32,32,184,6,299,paid,2026-02-25
33,33,90,2,49,paid,2026-03-20
34,34,74,4,299,paid,2026-03-01
35,35,148,9,299,paid,2026-01-21
36,36,218,5,49,paid,2026-02-28
37,37,55,4,299,paid,2026-02-18
38,38,203,5,49,paid,2026-01-02
39,39,147,4,0,failed,2026-03-19
40,40,50,1,0,failed,2026-02-09
41,41,152,6,0,failed,2026-02-23
42,42,257,5,49,paid,2026-01-22
43,43,152,6,0,failed,2026-01-15
44,44,286,6,299,paid,2026-01-12
45,45,189,5,49,paid,2026-03-16
46,46,120,8,299,paid,2026-01-04
47,47,114,2,49,paid,2026-03-01
48,48,24,1,49,paid,2026-02-08
49,49,233,6,299,paid,2026-03-11
50,50,213,2,49,paid,2026-03-04
51,51,17,6,299,paid,2026-01-28
52,52,51,6,299,paid,2026-03-11
53,53,63,8,299,paid,2026-01-12
54,54,171,4,299,paid,2026-01-17
55,55,111,4,299,paid,2026-02-12
56,56,142,3,49,paid,2026-01-17
57,57,14,3,49,paid,2026-01-02
58,58,166,1,49,paid,2026-01-23
59,59,59,2,49,paid,2026-03-02
60,60,258,4,299,paid,2026-03-20
61,61,267,5,49,paid,2026-02-28
62,62,219,2,49,paid,2026-03-04
63,63,76,2,49,paid,2026-01-17
64,64,272,5,49,paid,2026-02-28
65,65,111,7,199,paid,2026-02-27
66,66,213,2,49,paid,2026-02-10
67,67,243,2,49,paid,2026-01-12
68,68,285,1,49,paid,2026-03-17
69,69,182,7,199,paid,2026-01-07
70,70,260,4,0,failed,2026-01-20
71,71,285,6,0,failed,2026-01-15
72,72,286,1,49,paid,2026-03-19
73,73,140,5,49,paid,2026-02-13
74,74,206,2,49,paid,2026-01-19
75,75,272,4,299,paid,2026-02-18
76,76,167,10,49,paid,2026-03-18
77,77,42,5,49,paid,2026-02-26
78,78,140,4,299,paid,2026-03-07
79,79,250,9,299,paid,2026-02-09
80,80,105,5,49,paid,2026-01-28
81,81,4,8,299,paid,2026-02-25
82,82,287,6,299,paid,2026-01-10
83,83,10,8,299,paid,2026-01-10
84,84,149,2,0,failed,2026-02-21
85,85,46,7,199,paid,2026-01-14
86,86,159,6,299,paid,2026-01-29
87,87,262,4,299,paid,2026-02-14
88,88,121,2,49,paid,2026-01-19
89,89,91,8,299,paid,2026-03-01
90,90,78,8,299,paid,2026-01-09
91,91,29,6,299,paid,2026-03-06
92,92,189,5,49,paid,2026-01-10
93,93,260,7,199,paid,2026-03-01
94,94,231,10,49,paid,2026-01-25
95,95,231,2,49,paid,2026-02-13
96,96,127,8,299,paid,2026-02-26
97,97,145,7,199,paid,2026-02-22
98,98,169,2,49,paid,2026-03-13
99,99,42,10,49,paid,2026-01-19
100,100,67,10,49,paid,2026-01-11
101,101,270,2,0,failed,2026-02-24
102,102,110,6,299,paid,2026-03-04
103,103,40,5,49,paid,2026-01-13
104,104,68,10,49,paid,2026-02-18
105,105,23,7,199,paid,2026-02-16
106,106,230,4,0,failed,2026-03-10
107,107,100,6,299,paid,2026-03-15
108,108,196,9,299,paid,2026-03-09
109,109,71,5,49,paid,2026-01-07
110,110,53,9,299,paid,2026-01-16
111,111,231,9,299,paid,2026-01-19
112,112,231,6,0,failed,2026-01-04
113,113,198,2,49,paid,2026-02-17
114,114,75,3,49,paid,2026-01-05
115,115,72,8,299,paid,2026-02-27
116,116,132,4,299,paid,2026-01-20
117,117,148,4,299,paid,2026-02-08
118,118,57,8,299,paid,2026-03-18
119,119,150,7,199,paid,2026-01-01
120,120,44,9,299,paid,2026-02-16
121,121,241,1,49,paid,2026-02-19
122,122,35,6,299,paid,2026-01-31
123,123,23,6,299,paid,2026-03-11
124,124,94,3,0,failed,2026-01-09
125,125,151,4,299,paid,2026-01-06
126,126,204,9,299,paid,2026-03-02
127,127,147,6,299,paid,2026-01-07
128,128,205,8,299,paid,2026-02-19
129,129,266,5,49,paid,2026-01-11
130,130,151,6,299,paid,2026-01-14
131,131,219,3,49,paid,2026-02-26
132,132,141,1,49,paid,2026-01-10
133,133,74,10,49,paid,2026-02-26
134,134,197,10,49,paid,2026-01-05
135,135,228,2,0,failed,2026-03-15
136,136,128,2,49,paid,2026-01-04
137,137,61,5,0,failed,2026-02-03
138,138,103,2,49,paid,2026-01-18
139,139,164,6,299,paid,2026-01-09
140,140,90,6,299,paid,2026-03-07
141,141,122,8,299,paid,2026-01-04
142,142,67,10,49,paid,2026-01-12
143,143,211,7,199,paid,2026-03-15
144,144,231,8,0,failed,2026-03-08
145,145,283,10,49,paid,2026-01-24
146,146,266,3,49,paid,2026-02-08
147,147,266,5,49,paid,2026-01-11
148,148,156,10,49,paid,2026-03-10
149,149,173,10,49,paid,2026-01-06
150,150,293,7,199,paid,2026-03-21
151,151,248,4,299,paid,2026-02-21
152,152,226,7,199,paid,2026-03-03
153,153,164,6,299,paid,2026-02-21
154,154,124,8,299,paid,2026-01-16
155,155,149,7,199,paid,2026-03-20
156,156,168,10,0,failed,2026-02-10
157,157,158,8,299,paid,2026-01-03
158,158,299,6,299,paid,2026-01-07
159,159,275,1,0,failed,2026-01-14
160,160,188,7,199,paid,2026-02-16
161,161,284,5,49,paid,2026-01-10
162,162,66,2,49,paid,2026-02-20
163,163,74,4,0,failed,2026-03-19
164,164,71,6,299,paid,2026-03-02
165,165,164,3,49,paid,2026-02-20
166,166,173,9,299,paid,2026-03-07
167,167,244,1,49,paid,2026-02-17
168,168,158,1,49,paid,2026-03-18
169,169,27,10,49,paid,2026-03-03
170,170,125,1,49,paid,2026-03-15
171,171,215,3,49,paid,2026-02-22
172,172,71,9,299,paid,2026-01-27
173,173,270,7,199,paid,2026-02-10
174,174,280,6,299,paid,2026-02-03
175,175,286,5,49,paid,2026-01-29
176,176,163,8,299,paid,2026-02-14
177,177,148,2,49,paid,2026-03-15
178,178,75,5,49,paid,2026-01-06
179,179,246,4,299,paid,2026-01-26
180,180,71,2,49,paid,2026-03-20
181,181,116,4,299,paid,2026-01-07
182,182,71,1,49,paid,2026-03-12
183,183,103,5,49,paid,2026-02-11
184,184,119,9,299,paid,2026-01-05
185,185,19,7,199,paid,2026-03-05
186,186,149,1,49,paid,2026-01-02
187,187,233,9,299,paid,2026-03-09
188,188,240,5,49,paid,2026-01-25
189,189,96,1,49,paid,2026-02-13
190,190,208,7,199,paid,2026-03-07
191,191,72,8,0,failed,2026-02-11
192,192,137,6,299,paid,2026-02-08
193,193,121,1,0,failed,2026-01-16
194,194,152,6,299,paid,2026-03-20
195,195,79,8,299,paid,2026-03-19
196,196,276,4,0,failed,2026-02-01
197,197,229,9,299,paid,2026-02-16
198,198,259,4,0,failed,2026-03-15
199,199,106,10,49,paid,2026-03-04
200,200,68,9,299,paid,2026-02-23
201,201,12,7,0,failed,2026-02-02
202,202,217,6,299,paid,2026-01-09
203,203,242,1,49,paid,2026-02-06
204,204,216,6,0,failed,2026-02-18
205,205,193,2,49,paid,2026-03-11
206,206,92,9,299,paid,2026-02-20
207,207,2,1,49,paid,2026-02-08
208,208,273,7,199,paid,2026-01-30
209,209,58,1,49,paid,2026-02-23
210,210,124,4,299,paid,2026-01-09
211,211,23,7,0,failed,2026-02-26
212,212,258,5,49,paid,2026-01-30
213,213,155,3,49,paid,2026-03-08
214,214,90,7,199,paid,2026-03-13
215,215,269,6,299,paid,2026-02-23
216,216,243,4,299,paid,2026-01-29
217,217,238,1,49,paid,2026-03-13
218,218,125,5,49,paid,2026-01-27
219,219,48,9,299,paid,2026-01-25
220,220,97,10,49,paid,2026-03-13
221,221,8,4,299,paid,2026-01-25
222,222,246,4,299,paid,2026-03-19
223,223,165,5,49,paid,2026-02-18
224,224,185,9,299,paid,2026-03-05
225,225,241,6,299,paid,2026-01-27
226,226,9,5,49,paid,2026-03-12
227,227,79,4,299,paid,2026-02-12
228,228,282,6,299,paid,2026-02-02
229,229,87,6,299,paid,2026-01-22
230,230,31,9,299,paid,2026-01-05
231,231,71,4,299,paid,2026-01-09
232,232,31,10,49,paid,2026-03-20
233,233,283,7,199,paid,2026-01-02
234,234,147,1,49,paid,2026-03-06
235,235,50,9,299,paid,2026-01-20
236,236,137,7,199,paid,2026-01-11
237,237,154,2,49,paid,2026-01-05
238,238,5,3,49,paid,2026-01-11
239,239,49,9,299,paid,2026-01-06
240,240,139,1,49,paid,2026-01-10
241,241,162,1,0,failed,2026-01-27
242,242,204,2,49,paid,2026-02-08
243,243,170,7,199,paid,2026-01-18
244,244,51,7,199,paid,2026-01-30
245,245,16,5,49,paid,2026-02-27
246,246,96,10,49,paid,2026-02-18
247,247,43,5,49,paid,2026-01-20
248,248,200,6,299,paid,2026-02-16
249,249,185,5,49,paid,2026-01-14
250,250,285,9,299,paid,2026-02-22
251,251,198,1,49,paid,2026-02-07
252,252,287,4,299,paid,2026-03-15
253,253,138,5,49,paid,2026-02-04
254,254,216,5,49,paid,2026-03-03
255,255,101,8,299,paid,2026-01-14
256,256,195,6,0,failed,2026-02-26
257,257,70,5,49,paid,2026-02-11
258,258,204,6,299,paid,2026-02-07
259,259,193,5,49,paid,2026-02-20
260,260,280,3,49,paid,2026-03-12
261,261,150,2,49,paid,2026-02-22
262,262,130,3,49,paid,2026-02-24
263,263,206,9,299,paid,2026-03-06
264,264,44,2,49,paid,2026-02-01
265,265,205,6,299,paid,2026-02-25
266,266,266,9,299,paid,2026-03-16
267,267,238,10,49,paid,2026-03-06
268,268,54,5,49,paid,2026-02-23
269,269,73,6,299,paid,2026-02-09
270,270,248,6,0,failed,2026-03-02
271,271,164,2,49,paid,2026-02-08
272,272,176,2,49,paid,2026-01-22
273,273,287,7,199,paid,2026-03-01
274,274,222,7,199,paid,2026-01-04
275,275,220,7,0,failed,2026-01-01
276,276,53,9,299,paid,2026-01-24
277,277,251,9,299,paid,2026-02-10
278,278,181,8,0,failed,2026-03-21
279,279,44,3,49,paid,2026-02-10
280,280,73,9,299,paid,2026-02-19
281,281,96,8,299,paid,2026-03-10
282,282,86,8,299,paid,2026-02-06
283,283,184,1,49,paid,2026-03-04
284,284,259,8,299,paid,2026-02-22
285,285,86,2,49,paid,2026-03-14
286,286,17,5,0,failed,2026-01-29
287,287,254,9,299,paid,2026-03-07
288,288,22,8,299,paid,2026-03-11
289,289,17,8,299,paid,2026-02-03
290,290,61,4,299,paid,2026-01-27
291,291,72,4,299,paid,2026-01-27
292,292,87,6,299,paid,2026-02-07
293,293,211,1,49,paid,2026-02-05
294,294,128,3,49,paid,2026-02-11
295,295,251,3,49,paid,2026-03-15
296,296,39,2,0,failed,2026-02-21
297,297,250,6,299,paid,2026-03-16
298,298,48,8,299,paid,2026-02-15
299,299,109,8,299,paid,2026-02-04
300,300,249,6,299,paid,2026-01-07
301,301,64,3,49,paid,2026-02-26
302,302,104,3,49,paid,2026-02-08
303,303,48,6,299,paid,2026-02-02
304,304,203,5,49,paid,2026-01-30
305,305,110,8,0,failed,2026-01-10
306,306,5,6,299,paid,2026-01-16
307,307,197,2,49,paid,2026-01-14
308,308,196,3,49,paid,2026-01-19
309,309,180,4,299,paid,2026-03-22
310,310,112,2,49,paid,2026-01-13
311,311,220,6,299,paid,2026-01-18
312,312,146,1,49,paid,2026-02-08
313,313,152,1,49,paid,2026-01-31
314,314,271,1,0,failed,2026-02-16
315,315,280,3,49,paid,2026-03-02
316,316,111,1,49,paid,2026-01-08
317,317,206,2,49,paid,2026-03-10
318,318,41,9,299,paid,2026-01-27
319,319,224,4,299,paid,2026-01-08
320,320,233,10,49,paid,2026-03-19
321,321,7,3,49,paid,2026-01-02
322,322,86,6,299,paid,2026-01-17
323,323,61,1,0,failed,2026-02-12
324,324,40,8,299,paid,2026-02-28
325,325,81,5,49,paid,2026-01-14
326,326,261,1,49,paid,2026-01-06
327,327,77,3,49,paid,2026-01-05
328,328,115,6,299,paid,2026-02-01
329,329,40,10,49,paid,2026-02-17
330,330,115,9,299,paid,2026-01-06
331,331,145,5,49,paid,2026-02-11
332,332,150,10,49,paid,2026-02-08
333,333,253,4,299,paid,2026-03-11
334,334,120,9,299,paid,2026-02-14
335,335,1,7,199,paid,2026-02-09
336,336,252,1,49,paid,2026-01-19
337,337,212,6,299,paid,2026-02-28
338,338,39,10,49,paid,2026-03-14
339,339,150,5,49,paid,2026-02-10
340,340,163,8,0,failed,2026-02-04
341,341,300,2,49,paid,2026-01-20
342,342,62,9,299,paid,2026-02-15
343,343,47,3,0,failed,2026-02-08
344,344,76,2,49,paid,2026-02-01
345,345,90,1,49,paid,2026-02-21
346,346,49,8,299,paid,2026-01-14
347,347,102,7,199,paid,2026-02-17
348,348,299,10,49,paid,2026-02-03
349,349,228,3,49,paid,2026-01-12
350,350,87,10,49,paid,2026-02-25
351,351,89,6,299,paid,2026-01-28
352,352,126,5,49,paid,2026-03-05
353,353,144,7,199,paid,2026-01-18
354,354,10,7,199,paid,2026-02-15
355,355,290,9,299,paid,2026-02-11
356,356,16,5,0,failed,2026-01-08
357,357,52,4,299,paid,2026-01-31
358,358,29,4,299,paid,2026-03-15
359,359,91,4,299,paid,2026-03-17
360,360,15,6,0,failed,2026-03-14
361,361,278,5,49,paid,2026-01-23
362,362,11,9,299,paid,2026-03-03
363,363,67,6,299,paid,2026-01-23
364,364,270,6,299,paid,2026-01-10
365,365,52,6,299,paid,2026-02-08
366,366,250,6,299,paid,2026-01-23
367,367,90,7,199,paid,2026-02-09
368,368,294,7,199,paid,2026-03-14
369,369,54,8,299,paid,2026-01-19
370,370,86,2,49,paid,2026-02-12
371,371,180,5,49,paid,2026-01-14
372,372,86,7,199,paid,2026-03-05
373,373,296,4,299,paid,2026-01-21
374,374,151,1,0,failed,2026-02-10
375,375,83,2,49,paid,2026-03-12
376,376,221,3,49,paid,2026-03-19
377,377,98,7,199,paid,2026-03-12
378,378,145,5,49,paid,2026-01-31
379,379,28,6,299,paid,2026-01-01
380,380,50,1,0,failed,2026-01-27
381,381,60,5,49,paid,2026-02-20
382,382,47,9,299,paid,2026-02-19
383,383,96,8,299,paid,2026-01-06
384,384,289,1,49,paid,2026-01-20
385,385,212,10,0,failed,2026-01-30
386,386,268,7,199,paid,2026-03-10
387,387,244,5,49,paid,2026-01-11
388,388,258,10,49,paid,2026-03-08
389,389,62,8,299,paid,2026-01-23
390,390,22,7,0,failed,2026-01-11
391,391,164,2,49,paid,2026-01-12
392,392,267,8,299,paid,2026-01-02
393,393,213,3,49,paid,2026-01-19
394,394,289,2,49,paid,2026-02-06
395,395,197,8,299,paid,2026-03-15
396,396,74,10,0,failed,2026-03-19
397,397,122,1,49,paid,2026-03-02
398,398,160,5,49,paid,2026-03-04
399,399,154,8,299,paid,2026-02-11
400,400,227,4,299,paid,2026-02-22
401,401,192,1,49,paid,2026-03-07
402,402,269,10,49,paid,2026-01-04
403,403,30,4,0,failed,2026-01-05
404,404,141,6,299,paid,2026-03-01
405,405,124,6,299,paid,2026-03-04
406,406,283,6,299,paid,2026-02-14
407,407,47,5,49,paid,2026-01-04
408,408,116,4,299,paid,2026-02-04
409,409,68,3,0,failed,2026-03-18
410,410,217,7,199,paid,2026-02-14
411,411,204,10,49,paid,2026-01-14
412,412,288,10,49,paid,2026-03-19
413,413,173,5,49,paid,2026-02-11
414,414,77,9,0,failed,2026-01-31
415,415,207,6,299,paid,2026-01-18
416,416,215,7,199,paid,2026-02-19
417,417,114,9,299,paid,2026-03-02
418,418,93,5,49,paid,2026-01-13
419,419,287,3,49,paid,2026-02-12
420,420,216,6,299,paid,2026-02-17
421,421,28,10,0,failed,2026-03-16
422,422,62,7,199,paid,2026-03-09
423,423,103,6,299,paid,2026-02-22
424,424,74,6,299,paid,2026-01-24
425,425,30,1,49,paid,2026-02-27
426,426,296,3,49,paid,2026-03-04
427,427,220,8,0,failed,2026-02-19
428,428,165,9,299,paid,2026-01-25
429,429,177,5,49,paid,2026-01-17
430,430,34,1,49,paid,2026-02-08
431,431,269,6,299,paid,2026-02-25
432,432,97,3,49,paid,2026-02-21
433,433,12,10,49,paid,2026-03-06
434,434,131,9,299,paid,2026-03-21
435,435,11,1,0,failed,2026-01-15
436,436,79,4,299,paid,2026-03-22
437,437,139,10,49,paid,2026-03-19
438,438,61,5,49,paid,2026-01-15
439,439,268,4,299,paid,2026-02-15
440,440,255,4,0,failed,2026-03-03
441,441,294,8,299,paid,2026-01-20
442,442,119,8,299,paid,2026-02-07
443,443,149,6,299,paid,2026-02-10
444,444,71,3,49,paid,2026-02-12
445,445,191,6,299,paid,2026-01-24
446,446,198,8,299,paid,2026-02-23
447,447,68,1,49,paid,2026-01-21
448,448,292,8,299,paid,2026-01-24
449,449,15,3,49,paid,2026-03-03
450,450,24,2,49,paid,2026-02-03
451,451,266,9,299,paid,2026-03-21
452,452,178,7,0,failed,2026-01-20
453,453,6,3,49,paid,2026-03-06
454,454,252,6,299,paid,2026-01-31
455,455,194,7,199,paid,2026-01-31
456,456,256,8,299,paid,2026-02-10
457,457,53,7,199,paid,2026-02-22
458,458,261,9,299,paid,2026-01-27
459,459,28,4,299,paid,2026-02-28
460,460,243,6,299,paid,2026-02-27
461,461,2,6,299,paid,2026-02-15
462,462,24,3,49,paid,2026-03-05
463,463,210,2,49,paid,2026-02-02
464,464,235,4,299,paid,2026-02-13
465,465,235,10,49,paid,2026-03-06
466,466,222,10,49,paid,2026-03-03
467,467,297,3,49,paid,2026-01-17
468,468,197,7,199,paid,2026-03-19
469,469,151,8,299,paid,2026-01-18
470,470,161,9,299,paid,2026-03-22
471,471,68,3,49,paid,2026-03-06
472,472,288,8,299,paid,2026-03-16
473,473,274,5,49,paid,2026-02-24
474,474,28,1,49,paid,2026-01-26
475,475,129,3,49,paid,2026-01-08
476,476,232,2,49,paid,2026-03-20
477,477,200,4,299,paid,2026-03-07
478,478,199,7,199,paid,2026-02-10
479,479,227,4,299,paid,2026-02-17
480,480,100,5,49,paid,2026-02-27
481,481,62,7,199,paid,2026-01-06
482,482,300,5,49,paid,2026-01-01
483,483,21,3,49,paid,2026-02-11
484,484,155,8,299,paid,2026-03-15
485,485,113,3,49,paid,2026-03-08
486,486,275,7,199,paid,2026-01-12
487,487,170,6,299,paid,2026-02-16
488,488,288,1,49,paid,2026-01-15
489,489,165,7,199,paid,2026-01-15
490,490,265,6,299,paid,2026-03-07
491,491,165,9,299,paid,2026-01-11
492,492,34,4,299,paid,2026-03-22
493,493,276,7,199,paid,2026-01-10
494,494,20,2,49,paid,2026-01-10
495,495,37,10,0,failed,2026-01-30
496,496,162,1,49,paid,2026-02-19
497,497,24,2,49,paid,2026-02-15
498,498,145,8,299,paid,2026-02-18
499,499,274,4,299,paid,2026-01-18
500,500,280,5,49,paid,2026-01-19
501,501,192,1,49,paid,2026-03-12
502,502,202,9,299,paid,2026-03-12
503,503,212,9,299,paid,2026-01-19
504,504,59,3,49,paid,2026-03-14
505,505,237,9,299,paid,2026-01-10
506,506,298,8,299,paid,2026-02-12
507,507,146,10,49,paid,2026-01-09
508,508,300,3,49,paid,2026-03-14
509,509,87,1,0,failed,2026-02-10
510,510,185,3,49,paid,2026-02-12
511,511,283,2,49,paid,2026-01-23
512,512,276,4,299,paid,2026-02-03
513,513,260,1,49,paid,2026-03-16
514,514,19,9,299,paid,2026-02-03
515,515,77,6,299,paid,2026-02-20
516,516,149,3,49,paid,2026-03-01
517,517,6,4,299,paid,2026-03-20
518,518,229,3,49,paid,2026-01-23
519,519,184,1,49,paid,2026-01-29
520,520,22,4,299,paid,2026-03-08
521,521,21,6,0,failed,2026-01-14
522,522,297,9,299,paid,2026-03-14
523,523,40,9,299,paid,2026-02-02
524,524,177,8,299,paid,2026-03-03
525,525,85,4,299,paid,2026-01-10
526,526,81,6,299,paid,2026-03-19
527,527,170,2,49,paid,2026-03-03
528,528,12,4,299,paid,2026-01-06
529,529,21,10,49,paid,2026-01-19
530,530,208,10,49,paid,2026-03-14
531,531,146,2,49,paid,2026-01-28
532,532,88,4,299,paid,2026-02-22
533,533,94,10,0,failed,2026-03-07
534,534,233,10,49,paid,2026-03-17
535,535,9,4,299,paid,2026-03-08
536,536,91,8,299,paid,2026-03-20
537,537,258,2,49,paid,2026-01-12
538,538,268,7,199,paid,2026-02-17
539,539,196,6,299,paid,2026-03-17
540,540,295,2,49,paid,2026-02-24
541,541,146,10,49,paid,2026-03-11
542,542,268,2,0,failed,2026-03-08
543,543,186,2,49,paid,2026-01-20
544,544,217,10,49,paid,2026-02-16
545,545,105,7,199,paid,2026-03-12
546,546,158,10,49,paid,2026-02-14
547,547,61,4,299,paid,2026-02-27
548,548,282,10,0,failed,2026-01-07
549,549,47,3,0,failed,2026-03-02
550,550,190,2,49,paid,2026-03-19
551,551,147,10,49,paid,2026-01-08
552,552,266,5,49,paid,2026-01-25
553,553,19,6,299,paid,2026-01-31
554,554,142,7,199,paid,2026-02-15
555,555,8,2,49,paid,2026-01-12
556,556,299,6,299,paid,2026-02-14
557,557,207,10,49,paid,2026-01-01
558,558,38,9,299,paid,2026-02-07
559,559,276,10,49,paid,2026-02-02
560,560,125,6,299,paid,2026-02-28
561,561,15,8,299,paid,2026-01-15
562,562,162,7,199,paid,2026-02-15
563,563,148,2,49,paid,2026-02-21
564,564,284,3,49,paid,2026-03-02
565,565,98,8,299,paid,2026-01-26
566,566,118,4,299,paid,2026-02-01
567,567,41,8,299,paid,2026-03-20
568,568,247,6,299,paid,2026-03-21
569,569,141,8,299,paid,2026-01-24
570,570,270,7,199,paid,2026-03-03
571,571,235,2,49,paid,2026-03-08
572,572,195,10,49,paid,2026-01-13
573,573,281,5,49,paid,2026-01-31
574,574,188,3,0,failed,2026-03-05
575,575,206,5,49,paid,2026-02-27
576,576,139,4,299,paid,2026-03-13
577,577,243,1,0,failed,2026-01-23
578,578,154,5,49,paid,2026-03-13
579,579,111,5,49,paid,2026-03-02
580,580,185,6,299,paid,2026-03-13
581,581,11,7,199,paid,2026-01-16
582,582,295,9,299,paid,2026-01-23
583,583,41,7,199,paid,2026-03-20
584,584,173,7,199,paid,2026-03-22
585,585,83,6,299,paid,2026-01-30
586,586,139,8,299,paid,2026-02-16
587,587,86,3,49,paid,2026-01-03
588,588,108,3,49,paid,2026-02-20
589,589,28,1,49,paid,2026-02-20
590,590,135,10,49,paid,2026-01-20
591,591,159,4,299,paid,2026-02-01
592,592,270,3,49,paid,2026-01-04
593,593,240,9,299,paid,2026-02-04
594,594,234,10,49,paid,2026-02-25
595,595,247,9,299,paid,2026-01-30
596,596,80,5,49,paid,2026-01-02
597,597,70,6,299,paid,2026-02-06
598,598,154,1,0,failed,2026-02-25
599,599,192,4,299,paid,2026-02-22
600,600,194,4,299,paid,2026-02-03
601,601,273,5,49,paid,2026-02-22
602,602,57,8,0,failed,2026-03-21
603,603,97,6,299,paid,2026-01-03
604,604,96,2,49,paid,2026-02-06
605,605,5,4,299,paid,2026-01-12
606,606,160,8,299,paid,2026-02-17
607,607,42,3,0,failed,2026-01-08
608,608,99,5,49,paid,2026-02-18
609,609,198,8,299,paid,2026-02-01
610,610,107,8,299,paid,2026-02-19
611,611,22,9,299,paid,2026-03-08
612,612,185,1,49,paid,2026-01-28
613,613,86,5,49,paid,2026-03-16
614,614,22,10,49,paid,2026-03-02
615,615,81,8,299,paid,2026-01-12
616,616,183,3,0,failed,2026-03-10
617,617,178,8,0,failed,2026-01-25
618,618,21,8,299,paid,2026-02-26
619,619,291,3,49,paid,2026-03-11
620,620,284,3,49,paid,2026-01-09
621,621,188,8,0,failed,2026-01-01
622,622,187,10,49,paid,2026-01-31
623,623,269,8,299,paid,2026-03-12
624,624,57,2,0,failed,2026-03-08
625,625,17,4,299,paid,2026-01-14
626,626,270,10,49,paid,2026-03-17
627,627,107,8,299,paid,2026-01-11
628,628,213,6,299,paid,2026-01-08
629,629,40,4,299,paid,2026-03-08
630,630,198,4,299,paid,2026-01-25
631,631,286,7,199,paid,2026-01-14
632,632,54,3,49,paid,2026-01-24
633,633,227,6,299,paid,2026-02-10
634,634,221,6,299,paid,2026-03-19
635,635,131,6,299,paid,2026-02-27
636,636,9,9,299,paid,2026-01-18
637,637,162,1,49,paid,2026-02-05
638,638,20,8,0,failed,2026-02-15
639,639,132,5,49,paid,2026-01-12
640,640,167,8,299,paid,2026-01-23
641,641,296,2,49,paid,2026-03-18
642,642,29,6,299,paid,2026-02-14
643,643,117,10,49,paid,2026-01-02
644,644,269,1,49,paid,2026-02-10
645,645,26,7,199,paid,2026-02-27
646,646,149,7,199,paid,2026-01-19
647,647,205,5,49,paid,2026-01-11
648,648,247,9,299,paid,2026-01-26
649,649,269,4,299,paid,2026-02-01
650,650,295,2,49,paid,2026-01-15
651,651,165,6,299,paid,2026-03-18
652,652,180,10,49,paid,2026-02-26
653,653,192,3,49,paid,2026-01-11
654,654,8,6,299,paid,2026-01-15
655,655,276,4,299,paid,2026-01-27
656,656,248,10,49,paid,2026-01-19
657,657,270,1,49,paid,2026-02-02
658,658,239,1,49,paid,2026-01-09
659,659,10,5,49,paid,2026-02-19
660,660,249,10,49,paid,2026-03-10
661,661,12,1,49,paid,2026-02-01
662,662,10,6,299,paid,2026-02-15
663,663,132,7,199,paid,2026-01-04
664,664,71,2,0,failed,2026-02-18
665,665,124,10,49,paid,2026-01-20
666,666,230,9,299,paid,2026-01-17
667,667,159,9,299,paid,2026-01-18
668,668,290,3,49,paid,2026-02-10
669,669,163,3,49,paid,2026-01-04
670,670,156,8,299,paid,2026-02-05
671,671,14,10,49,paid,2026-03-20
672,672,119,1,49,paid,2026-02-15
673,673,258,10,49,paid,2026-03-02
674,674,243,3,49,paid,2026-01-21
675,675,212,4,299,paid,2026-01-26
676,676,167,8,299,paid,2026-02-01
677,677,195,6,299,paid,2026-02-20
678,678,56,8,299,paid,2026-02-28
679,679,21,9,299,paid,2026-02-19
680,680,150,8,299,paid,2026-02-20
681,681,86,7,199,paid,2026-02-07
682,682,232,2,49,paid,2026-03-06
683,683,280,3,49,paid,2026-02-20
684,684,104,8,299,paid,2026-01-12
685,685,47,2,49,paid,2026-02-27
686,686,82,7,0,failed,2026-03-12
687,687,290,3,49,paid,2026-01-21
688,688,215,5,0,failed,2026-02-09
689,689,93,2,49,paid,2026-01-17
690,690,235,8,0,failed,2026-03-05
691,691,112,10,49,paid,2026-03-02
692,692,281,5,49,paid,2026-03-21
693,693,26,3,49,paid,2026-01-19
694,694,296,10,49,paid,2026-02-08
695,695,92,3,49,paid,2026-02-06
696,696,297,6,299,paid,2026-01-05
697,697,35,7,199,paid,2026-03-12
698,698,169,9,299,paid,2026-02-22
699,699,293,9,299,paid,2026-01-12
700,700,163,5,49,paid,2026-03-09
701,701,255,9,299,paid,2026-03-22
702,702,120,5,49,paid,2026-01-25
703,703,213,7,199,paid,2026-01-06
704,704,104,5,49,paid,2026-02-02
705,705,59,6,299,paid,2026-02-13
706,706,100,6,299,paid,2026-02-13
707,707,70,8,299,paid,2026-01-20
708,708,172,8,299,paid,2026-02-22
709,709,290,6,299,paid,2026-03-13
710,710,34,3,0,failed,2026-02-05
711,711,293,10,49,paid,2026-02-19
712,712,17,5,49,paid,2026-02-22
713,713,232,5,49,paid,2026-01-28
714,714,104,2,49,paid,2026-02-26
715,715,79,4,299,paid,2026-02-13
716,716,168,3,49,paid,2026-01-13
717,717,19,8,299,paid,2026-02-19
718,718,23,10,49,paid,2026-01-12
719,719,267,5,49,paid,2026-01-03
720,720,103,4,299,paid,2026-02-06
721,721,140,3,49,paid,2026-01-21
722,722,278,6,299,paid,2026-03-12
723,723,126,3,49,paid,2026-01-10
724,724,228,1,49,paid,2026-01-17
725,725,55,7,199,paid,2026-01-07
726,726,160,6,299,paid,2026-01-26
727,727,291,3,0,failed,2026-01-12
728,728,241,4,0,failed,2026-01-29
729,729,187,7,199,paid,2026-01-24
730,730,250,1,49,paid,2026-01-09
731,731,145,6,299,paid,2026-03-19
732,732,167,9,299,paid,2026-01-10
733,733,125,9,299,paid,2026-01-21
734,734,221,7,199,paid,2026-03-14
735,735,294,8,299,paid,2026-01-15
736,736,91,5,49,paid,2026-02-21
737,737,254,1,49,paid,2026-01-12
738,738,77,8,299,paid,2026-03-10
739,739,106,6,299,paid,2026-02-08
740,740,223,6,299,paid,2026-01-12
741,741,151,1,49,paid,2026-02-17
742,742,145,1,49,paid,2026-01-31
743,743,208,7,199,paid,2026-02-25
744,744,97,9,299,paid,2026-02-19
745,745,69,1,0,failed,2026-01-10
746,746,70,2,0,failed,2026-01-18
747,747,93,8,299,paid,2026-03-07
748,748,182,4,299,paid,2026-01-24
749,749,257,5,49,paid,2026-02-22
750,750,248,6,299,paid,2026-01-15
751,751,73,9,299,paid,2026-02-05
752,752,242,2,49,paid,2026-03-11
753,753,6,8,299,paid,2026-02-28
754,754,181,5,49,paid,2026-02-07
755,755,134,1,49,paid,2026-03-22
756,756,14,5,49,paid,2026-03-04
757,757,68,10,49,paid,2026-02-05
758,758,78,8,299,paid,2026-02-17
759,759,249,3,49,paid,2026-03-09
760,760,79,8,299,paid,2026-02-22
761,761,296,6,299,paid,2026-01-07
762,762,27,3,49,paid,2026-03-01
763,763,200,8,299,paid,2026-02-03
764,764,148,8,299,paid,2026-02-18
765,765,50,9,299,paid,2026-02-15
766,766,172,5,49,paid,2026-02-04
767,767,124,10,49,paid,2026-01-25
768,768,281,1,0,failed,2026-01-02
769,769,180,4,299,paid,2026-02-06
770,770,112,10,49,paid,2026-01-16
771,771,290,3,49,paid,2026-01-15
772,772,233,5,49,paid,2026-02-24
773,773,83,2,49,paid,2026-02-05
774,774,136,3,49,paid,2026-02-26
775,775,202,3,49,paid,2026-03-04
776,776,55,8,299,paid,2026-02-03
777,777,10,8,299,paid,2026-01-20
778,778,137,3,49,paid,2026-02-12
779,779,224,7,199,paid,2026-01-09
780,780,291,9,299,paid,2026-02-15
781,781,188,9,299,paid,2026-02-13
782,782,91,9,0,failed,2026-01-06
783,783,184,8,299,paid,2026-01-11
784,784,19,4,299,paid,2026-01-04
785,785,277,5,49,paid,2026-03-05
786,786,19,6,0,failed,2026-01-08
787,787,61,4,0,failed,2026-03-08
788,788,77,10,49,paid,2026-01-30
789,789,10,8,299,paid,2026-03-21
790,790,8,3,49,paid,2026-03-22
791,791,88,10,49,paid,2026-01-09
792,792,104,7,199,paid,2026-02-13
793,793,280,3,49,paid,2026-02-11
794,794,33,2,49,paid,2026-02-05
795,795,85,8,299,paid,2026-02-01
796,796,9,8,299,paid,2026-01-11
797,797,146,7,199,paid,2026-03-02
798,798,231,7,199,paid,2026-01-31
799,799,46,5,49,paid,2026-02-14
800,800,272,2,0,failed,2026-03-21
801,801,260,4,299,paid,2026-03-01
802,802,58,3,0,failed,2026-03-02
803,803,187,5,49,paid,2026-01-27
804,804,54,1,49,paid,2026-03-10
805,805,264,2,49,paid,2026-01-10
806,806,102,6,299,paid,2026-01-30
807,807,103,7,0,failed,2026-01-29
808,808,75,4,299,paid,2026-03-20
809,809,100,6,299,paid,2026-02-04
810,810,70,2,49,paid,2026-03-01
811,811,152,10,49,paid,2026-01-21
812,812,45,7,199,paid,2026-03-08
813,813,237,5,49,paid,2026-01-02
814,814,127,6,299,paid,2026-02-25
815,815,77,10,49,paid,2026-01-01
816,816,18,7,199,paid,2026-03-09
817,817,51,8,0,failed,2026-03-05
818,818,112,3,49,paid,2026-02-15
819,819,246,5,49,paid,2026-01-21
820,820,299,1,0,failed,2026-02-28
821,821,190,8,299,paid,2026-01-01
822,822,17,5,49,paid,2026-02-24
823,823,42,10,49,paid,2026-02-12
824,824,57,7,199,paid,2026-02-16
825,825,287,2,49,paid,2026-03-13
826,826,277,2,49,paid,2026-03-03
827,827,165,6,299,paid,2026-02-04
828,828,191,6,299,paid,2026-02-27
829,829,273,9,299,paid,2026-02-07
830,830,235,2,49,paid,2026-01-11
831,831,85,5,49,paid,2026-01-15
832,832,12,5,49,paid,2026-02-23
833,833,178,7,199,paid,2026-02-26
834,834,12,4,299,paid,2026-03-08
835,835,249,10,49,paid,2026-03-09
836,836,88,5,49,paid,2026-01-30
837,837,76,6,299,paid,2026-02-06
838,838,147,3,49,paid,2026-01-23
839,839,83,4,299,paid,2026-01-15
840,840,190,3,49,paid,2026-01-27
841,841,76,6,299,paid,2026-02-27
842,842,208,8,299,paid,2026-01-19
843,843,260,6,299,paid,2026-02-07
844,844,227,6,299,paid,2026-01-15
845,845,283,2,49,paid,2026-02-09
846,846,183,2,0,failed,2026-02-11
847,847,101,1,49,paid,2026-01-11
848,848,202,4,299,paid,2026-03-04
849,849,204,3,0,failed,2026-02-24
850,850,180,5,0,failed,2026-02-27
851,851,227,5,49,paid,2026-01-21
852,852,45,3,49,paid,2026-01-27
853,853,34,10,49,paid,2026-02-18
854,854,90,9,299,paid,2026-03-01
855,855,103,3,49,paid,2026-02-18
856,856,156,8,299,paid,2026-03-13
857,857,135,5,49,paid,2026-03-02
858,858,92,8,299,paid,2026-02-01
859,859,35,10,0,failed,2026-02-16
860,860,62,6,0,failed,2026-03-07
861,861,298,1,49,paid,2026-01-19
862,862,183,3,49,paid,2026-01-07
863,863,149,5,49,paid,2026-03-09
864,864,49,10,49,paid,2026-01-22
865,865,155,5,0,failed,2026-02-16
866,866,71,9,299,paid,2026-02-06
867,867,53,4,299,paid,2026-01-20
868,868,287,10,49,paid,2026-03-09
869,869,236,2,0,failed,2026-01-15
870,870,186,3,49,paid,2026-02-26
871,871,89,5,49,paid,2026-01-04
872,872,117,5,49,paid,2026-01-17
873,873,58,2,49,paid,2026-01-03
874,874,17,9,299,paid,2026-03-17
875,875,34,5,49,paid,2026-01-02
876,876,103,3,49,paid,2026-02-14
877,877,179,6,299,paid,2026-01-21
878,878,259,10,49,paid,2026-01-09
879,879,112,4,299,paid,2026-02-06
880,880,51,4,299,paid,2026-03-06
881,881,55,3,49,paid,2026-02-15
882,882,58,6,299,paid,2026-01-16
883,883,148,9,299,paid,2026-01-06
884,884,234,10,49,paid,2026-02-09
885,885,220,4,299,paid,2026-01-09
886,886,54,7,199,paid,2026-02-26
887,887,203,7,199,paid,2026-03-17
888,888,34,6,299,paid,2026-01-26
889,889,120,7,199,paid,2026-03-05
890,890,140,7,199,paid,2026-02-15
891,891,262,5,49,paid,2026-01-19
892,892,119,3,49,paid,2026-01-04
893,893,14,3,49,paid,2026-02-18
894,894,40,9,299,paid,2026-03-05
895,895,259,5,49,paid,2026-03-11
896,896,10,1,49,paid,2026-02-25
897,897,236,1,49,paid,2026-01-05
898,898,252,7,199,paid,2026-01-18
899,899,252,9,299,paid,2026-03-11
900,900,29,7,199,paid,2026-02-03
901,901,146,6,299,paid,2026-01-08
902,902,299,1,49,paid,2026-03-22
903,903,211,6,299,paid,2026-01-08
904,904,44,2,0,failed,2026-02-09
905,905,236,7,199,paid,2026-03-14
906,906,12,6,299,paid,2026-02-18
907,907,52,4,299,paid,2026-02-13
908,908,174,3,49,paid,2026-03-20
909,909,255,2,0,failed,2026-03-10
910,910,206,4,299,paid,2026-03-21
911,911,49,10,0,failed,2026-02-13
912,912,108,6,299,paid,2026-01-10
913,913,277,6,299,paid,2026-01-26
914,914,93,1,49,paid,2026-03-22
915,915,256,4,299,paid,2026-03-01
916,916,31,9,299,paid,2026-01-26
917,917,223,7,199,paid,2026-02-10
918,918,147,3,49,paid,2026-02-02
919,919,77,4,299,paid,2026-01-04
920,920,249,9,299,paid,2026-02-25
921,921,82,5,49,paid,2026-01-18
922,922,282,3,49,paid,2026-01-06
923,923,43,6,299,paid,2026-03-19
924,924,47,7,199,paid,2026-01-18
925,925,298,9,299,paid,2026-02-02
926,926,169,10,49,paid,2026-02-19
927,927,74,2,49,paid,2026-01-23
928,928,29,8,299,paid,2026-03-10
929,929,280,7,199,paid,2026-03-02
930,930,186,8,299,paid,2026-02-17
931,931,123,5,49,paid,2026-03-12
932,932,274,4,299,paid,2026-02-26
933,933,131,5,49,paid,2026-01-12
934,934,163,7,199,paid,2026-01-05
935,935,212,6,299,paid,2026-02-24
936,936,34,6,299,paid,2026-02-23
937,937,168,8,299,paid,2026-01-04
938,938,2,7,199,paid,2026-01-26
939,939,81,4,299,paid,2026-03-08
940,940,67,10,49,paid,2026-02-22
941,941,89,10,49,paid,2026-02-11
942,942,202,7,199,paid,2026-03-15
943,943,46,8,299,paid,2026-01-26
944,944,206,10,0,failed,2026-02-24
945,945,291,2,49,paid,2026-01-02
946,946,61,4,299,paid,2026-01-27
947,947,148,8,299,paid,2026-02-18
948,948,111,5,49,paid,2026-01-25
949,949,149,5,49,paid,2026-01-31
950,950,299,8,0,failed,2026-01-11
951,951,109,7,199,paid,2026-02-24
952,952,31,1,49,paid,2026-02-12
953,953,3,5,49,paid,2026-03-06
954,954,68,9,299,paid,2026-01-06
955,955,240,3,49,paid,2026-01-12
956,956,60,6,299,paid,2026-01-06
957,957,144,6,299,paid,2026-02-25
958,958,136,9,0,failed,2026-02-10
959,959,285,8,299,paid,2026-01-07
960,960,241,5,49,paid,2026-01-21
961,961,227,6,299,paid,2026-03-13
962,962,179,2,49,paid,2026-01-27
963,963,261,5,49,paid,2026-03-14
964,964,293,3,49,paid,2026-02-23
965,965,49,6,299,paid,2026-01-04
966,966,202,6,299,paid,2026-03-17
967,967,236,8,299,paid,2026-02-28
968,968,23,10,49,paid,2026-02-27
969,969,109,1,49,paid,2026-02-06
970,970,196,2,49,paid,2026-02-21
971,971,11,4,299,paid,2026-01-21
972,972,153,8,299,paid,2026-02-25
973,973,184,2,49,paid,2026-02-17
974,974,138,10,49,paid,2026-03-18
975,975,189,10,49,paid,2026-01-24
976,976,175,8,299,paid,2026-01-29
977,977,270,9,299,paid,2026-01-11
978,978,77,3,49,paid,2026-02-08
979,979,40,1,49,paid,2026-03-07
980,980,292,5,49,paid,2026-02-15
981,981,237,3,0,failed,2026-01-24
982,982,233,8,299,paid,2026-03-21
983,983,109,3,49,paid,2026-01-11
984,984,274,1,49,paid,2026-01-01
985,985,208,10,0,failed,2026-03-04
986,986,185,7,199,paid,2026-02-08
987,987,9,4,299,paid,2026-01-04
988,988,276,4,299,paid,2026-01-12
989,989,12,2,49,paid,2026-01-22
990,990,242,1,49,paid,2026-02-27
991,991,171,1,49,paid,2026-01-14
992,992,254,10,49,paid,2026-03-18
993,993,250,7,199,paid,2026-03-04
994,994,250,4,299,paid,2026-01-08
995,995,33,5,49,paid,2026-02-23
996,996,224,1,49,paid,2026-01-21
997,997,119,9,299,paid,2026-01-29
998,998,151,7,199,paid,2026-02-23
999,999,242,3,49,paid,2026-03-21
1000,1000,67,3,49,paid,2026-01-26
1001,1001,156,4,299,paid,2026-01-27
1002,1002,134,6,299,paid,2026-01-21
1003,1003,17,2,49,paid,2026-02-13
1004,1004,115,8,299,paid,2026-02-03
1005,1005,137,3,0,failed,2026-03-07
1006,1006,235,2,49,paid,2026-01-14
1007,1007,288,1,49,paid,2026-03-06
1008,1008,81,5,49,paid,2026-02-26
1009,1009,79,6,299,paid,2026-02-12
1010,1010,213,1,0,failed,2026-02-01
1011,1011,137,6,299,paid,2026-02-23
1012,1012,216,4,299,paid,2026-01-18
1013,1013,265,6,299,paid,2026-01-04
1014,1014,265,2,49,paid,2026-01-11
1015,1015,32,7,199,paid,2026-01-05
1016,1016,152,7,199,paid,2026-02-21
1017,1017,177,1,49,paid,2026-02-05
1018,1018,229,4,299,paid,2026-03-11
1019,1019,208,4,299,paid,2026-02-08
1020,1020,267,9,299,paid,2026-02-06
1021,1021,175,3,49,paid,2026-01-03
1022,1022,133,4,299,paid,2026-02-08
1023,1023,31,6,299,paid,2026-02-03
1024,1024,230,5,49,paid,2026-03-15
1025,1025,290,9,299,paid,2026-03-18
1026,1026,267,4,299,paid,2026-01-14
1027,1027,51,3,49,paid,2026-02-24
1028,1028,244,4,299,paid,2026-02-27
1029,1029,287,9,0,failed,2026-02-20
1030,1030,251,7,199,paid,2026-01-21
1031,1031,263,9,299,paid,2026-01-16
1032,1032,287,6,299,paid,2026-01-16
1033,1033,293,5,0,failed,2026-01-06
1034,1034,156,5,49,paid,2026-03-04
1035,1035,157,5,49,paid,2026-01-28
1036,1036,63,9,299,paid,2026-02-14
1037,1037,159,10,49,paid,2026-02-27
1038,1038,259,8,299,paid,2026-02-27
1039,1039,210,7,199,paid,2026-01-30
1040,1040,46,3,49,paid,2026-01-04
1041,1041,159,9,299,paid,2026-01-16
1042,1042,268,4,299,paid,2026-03-02
1043,1043,141,4,299,paid,2026-02-01
1044,1044,44,9,299,paid,2026-03-19
1045,1045,175,7,199,paid,2026-01-24
1046,1046,196,5,49,paid,2026-01-12
1047,1047,94,5,49,paid,2026-01-12
1048,1048,31,10,49,paid,2026-02-11
1049,1049,200,2,49,paid,2026-02-10
1050,1050,193,2,49,paid,2026-01-07
1051,1051,122,8,299,paid,2026-03-07
1052,1052,32,6,299,paid,2026-03-01
1053,1053,120,1,49,paid,2026-02-04
1054,1054,65,5,49,paid,2026-03-14
1055,1055,192,9,299,paid,2026-01-22
1056,1056,22,1,0,failed,2026-03-01
1057,1057,31,8,299,paid,2026-02-04
1058,1058,180,4,299,paid,2026-03-16
1059,1059,46,7,199,paid,2026-01-16
1060,1060,108,10,0,failed,2026-03-06
1061,1061,232,5,0,failed,2026-02-01
1062,1062,9,3,49,paid,2026-01-01
1063,1063,212,9,299,paid,2026-03-04
1064,1064,16,8,299,paid,2026-01-16
1065,1065,91,1,49,paid,2026-01-16
1066,1066,5,4,0,failed,2026-01-03
1067,1067,99,2,49,paid,2026-03-20
1068,1068,120,8,299,paid,2026-02-16
1069,1069,101,7,199,paid,2026-01-15
1070,1070,100,10,49,paid,2026-03-19
1071,1071,66,5,49,paid,2026-03-14
1072,1072,12,9,299,paid,2026-03-20
1073,1073,219,1,49,paid,2026-02-11
1074,1074,63,9,299,paid,2026-03-01
1075,1075,25,5,49,paid,2026-02-23
1076,1076,172,2,49,paid,2026-03-15
1077,1077,128,4,299,paid,2026-01-22
1078,1078,246,7,199,paid,2026-01-04
1079,1079,127,2,0,failed,2026-03-02
1080,1080,171,9,299,paid,2026-01-31
1081,1081,229,10,49,paid,2026-01-16
1082,1082,161,2,49,paid,2026-01-17
1083,1083,155,10,49,paid,2026-03-22
1084,1084,27,5,49,paid,2026-02-18
1085,1085,6,8,0,failed,2026-02-19
1086,1086,14,8,299,paid,2026-03-08
1087,1087,35,10,49,paid,2026-01-25
1088,1088,216,8,299,paid,2026-03-21
1089,1089,66,5,49,paid,2026-03-16
1090,1090,160,10,49,paid,2026-03-11
1091,1091,189,1,49,paid,2026-03-08
1092,1092,260,9,299,paid,2026-01-07
1093,1093,36,6,299,paid,2026-01-25
1094,1094,297,10,49,paid,2026-02-12
1095,1095,233,1,49,paid,2026-03-05
1096,1096,239,10,49,paid,2026-01-28
1097,1097,170,7,199,paid,2026-01-27
1098,1098,186,1,49,paid,2026-01-10
1099,1099,226,4,299,paid,2026-03-22
1100,1100,16,4,0,failed,2026-01-26
1101,1101,174,9,299,paid,2026-02-01
1102,1102,11,3,49,paid,2026-02-18
1103,1103,108,5,49,paid,2026-02-28
1104,1104,88,9,299,paid,2026-03-21
1105,1105,74,3,49,paid,2026-01-25
1106,1106,220,4,299,paid,2026-01-06
1107,1107,168,4,299,paid,2026-01-07
1108,1108,300,8,299,paid,2026-01-27
1109,1109,34,3,49,paid,2026-03-07
1110,1110,261,6,299,paid,2026-03-05
1111,1111,248,8,299,paid,2026-03-02
1112,1112,113,4,299,paid,2026-02-27
1113,1113,293,3,49,paid,2026-02-17
1114,1114,228,9,299,paid,2026-02-15
1115,1115,231,8,299,paid,2026-02-25
1116,1116,140,7,199,paid,2026-01-04
1117,1117,43,5,49,paid,2026-03-06
1118,1118,51,2,49,paid,2026-01-10
1119,1119,169,5,49,paid,2026-02-08
1120,1120,141,4,0,failed,2026-03-19
1121,1121,279,5,0,failed,2026-01-02
1122,1122,207,7,199,paid,2026-03-16
1123,1123,117,4,299,paid,2026-01-27
1124,1124,175,2,49,paid,2026-02-10
1125,1125,214,4,299,paid,2026-02-26
1126,1126,296,3,49,paid,2026-02-09
1127,1127,116,7,199,paid,2026-02-24
1128,1128,12,10,49,paid,2026-01-05
1129,1129,291,10,49,paid,2026-03-19
1130,1130,201,2,0,failed,2026-03-10
1131,1131,232,5,49,paid,2026-01-12
1132,1132,251,1,49,paid,2026-01-24
1133,1133,146,4,299,paid,2026-01-30
1134,1134,189,9,299,paid,2026-01-02
1135,1135,201,3,49,paid,2026-01-15
1136,1136,106,3,49,paid,2026-01-27
1137,1137,244,3,49,paid,2026-03-19
1138,1138,104,1,0,failed,2026-01-19
1139,1139,127,9,299,paid,2026-02-12
1140,1140,21,2,49,paid,2026-02-06
1141,1141,153,7,0,failed,2026-03-20
1142,1142,197,3,49,paid,2026-03-14
1143,1143,81,5,49,paid,2026-03-22
1144,1144,253,7,199,paid,2026-03-12
1145,1145,167,7,199,paid,2026-02-27
1146,1146,14,2,49,paid,2026-03-01
1147,1147,100,7,0,failed,2026-01-05
1148,1148,238,8,0,failed,2026-03-01
1149,1149,72,8,299,paid,2026-02-05
1150,1150,52,3,49,paid,2026-02-07
1151,1151,40,1,49,paid,2026-02-04
1152,1152,273,4,299,paid,2026-02-26
1153,1153,268,2,49,paid,2026-02-19
1154,1154,194,4,299,paid,2026-02-01
1155,1155,216,1,49,paid,2026-01-02
1156,1156,50,3,49,paid,2026-01-22
1157,1157,288,4,299,paid,2026-03-21
1158,1158,119,4,299,paid,2026-01-14
1159,1159,7,7,199,paid,2026-01-28
1160,1160,23,2,49,paid,2026-01-28
1161,1161,53,9,299,paid,2026-03-14
1162,1162,199,3,49,paid,2026-02-12
1163,1163,163,8,299,paid,2026-01-09
1164,1164,262,4,299,paid,2026-03-06
1165,1165,11,10,49,paid,2026-01-16
1166,1166,125,10,49,paid,2026-01-11
1167,1167,78,7,199,paid,2026-01-27
1168,1168,69,5,49,paid,2026-02-10
1169,1169,213,5,49,paid,2026-01-04
1170,1170,125,4,299,paid,2026-03-11
1171,1171,114,10,49,paid,2026-02-18
1172,1172,252,2,49,paid,2026-01-25
1173,1173,65,2,49,paid,2026-01-23
1174,1174,121,9,299,paid,2026-01-11
1175,1175,126,7,199,paid,2026-01-23
1176,1176,140,8,0,failed,2026-01-11
1177,1177,217,9,299,paid,2026-03-20
1178,1178,247,1,0,failed,2026-02-18
1179,1179,79,9,299,paid,2026-01-23
1180,1180,193,9,299,paid,2026-03-19
1181,1181,80,4,299,paid,2026-01-01
1182,1182,208,7,199,paid,2026-02-20
1183,1183,37,7,199,paid,2026-01-05
1184,1184,100,7,199,paid,2026-02-02
1185,1185,30,7,199,paid,2026-02-24
1186,1186,15,3,0,failed,2026-02-03
1187,1187,131,4,299,paid,2026-03-19
1188,1188,60,2,49,paid,2026-02-19
1189,1189,97,7,199,paid,2026-01-22
1190,1190,158,7,199,paid,2026-01-12
1191,1191,138,4,299,paid,2026-02-20
1192,1192,1,2,49,paid,2026-01-09
1193,1193,88,3,49,paid,2026-02-17
1194,1194,258,2,49,paid,2026-02-27
1195,1195,94,4,299,paid,2026-02-03
1196,1196,41,5,49,paid,2026-01-11
1197,1197,300,4,299,paid,2026-03-03
1198,1198,32,5,49,paid,2026-01-01
1199,1199,50,4,0,failed,2026-03-08
1200,1200,243,6,0,failed,2026-03-19
